station,date,iaqi_pm25,iaqi_o3,iaqi_co,iaqi_no2,aqi
CE,2020-01-01,,23.0,44.0,9.0,44.0
CE,2020-01-02,,24.0,41.0,15.0,41.0
CE,2020-01-03,,44.0,41.0,14.0,44.0
CE,2020-01-04,,40.0,35.0,16.0,40.0
CE,2020-01-05,,48.0,36.0,19.0,48.0
CE,2020-01-06,,47.0,43.0,33.0,47.0
CE,2020-01-07,,48.0,42.0,17.0,48.0
CE,2020-01-08,,43.0,39.0,17.0,43.0
CE,2020-01-09,,27.0,48.0,26.0,48.0
CE,2020-01-10,,25.0,50.0,33.0,50.0
CE,2020-01-11,,46.0,48.0,13.0,48.0
CE,2020-01-12,,48.0,40.0,18.0,48.0
CE,2020-01-13,,28.0,50.0,27.0,50.0
CE,2020-01-14,,74.0,52.0,31.0,74.0
CE,2020-01-15,,22.0,28.0,27.0,28.0
CE,2020-01-16,,17.0,31.0,20.0,31.0
CE,2020-01-17,,19.0,24.0,11.0,24.0
CE,2020-01-18,,30.0,25.0,13.0,30.0
CE,2020-01-19,,24.0,19.0,12.0,24.0
CE,2020-01-20,,39.0,17.0,10.0,39.0
CE,2020-01-21,,37.0,18.0,10.0,37.0
CE,2020-01-22,,28.0,38.0,17.0,38.0
CE,2020-01-23,,38.0,43.0,20.0,43.0
CE,2020-01-24,,43.0,19.0,13.0,43.0
CE,2020-01-25,,36.0,32.0,22.0,36.0
CE,2020-01-26,,41.0,35.0,17.0,41.0
CE,2020-01-27,,50.0,25.0,26.0,50.0
CE,2020-01-28,,38.0,28.0,14.0,38.0
CE,2020-01-29,,42.0,24.0,10.0,42.0
CE,2020-01-30,,34.0,24.0,14.0,34.0
CE,2020-01-31,,34.0,25.0,15.0,34.0
CE,2020-02-01,,33.0,24.0,17.0,33.0
CE,2020-02-02,,67.0,26.0,16.0,67.0
CE,2020-02-03,,38.0,30.0,22.0,38.0
CE,2020-02-04,,35.0,31.0,21.0,35.0
CE,2020-02-05,,19.0,28.0,20.0,28.0
CE,2020-02-06,,43.0,27.0,14.0,43.0
CE,2020-02-07,,47.0,33.0,27.0,47.0
CE,2020-02-08,,46.0,31.0,20.0,46.0
CE,2020-02-09,,61.0,28.0,24.0,61.0
CE,2020-02-10,,112.0,31.0,20.0,112.0
CE,2020-02-11,,40.0,30.0,15.0,40.0
CE,2020-02-12,,19.0,32.0,9.0,32.0
CE,2020-02-13,,41.0,42.0,10.0,42.0
CE,2020-02-14,,37.0,27.0,12.0,37.0
CE,2020-02-15,,28.0,31.0,16.0,31.0
CE,2020-02-16,,126.0,34.0,16.0,126.0
CE,2020-02-17,,87.0,39.0,22.0,87.0
CE,2020-02-18,,42.0,39.0,21.0,42.0
CE,2020-02-19,,28.0,31.0,11.0,31.0
CE,2020-02-20,,12.0,32.0,8.0,32.0
CE,2020-02-21,,31.0,31.0,14.0,31.0
CE,2020-02-22,,39.0,28.0,8.0,39.0
CE,2020-02-23,,43.0,35.0,19.0,43.0
CE,2020-02-24,,44.0,39.0,17.0,44.0
CE,2020-02-25,,71.0,34.0,18.0,71.0
CE,2020-02-26,,44.0,30.0,8.0,44.0
CE,2020-02-27,,48.0,30.0,11.0,48.0
CE,2020-02-28,,54.0,36.0,21.0,54.0
CE,2020-02-29,,54.0,34.0,15.0,54.0
CE,2020-03-01,,101.0,34.0,18.0,101.0
CE,2020-03-02,,49.0,38.0,20.0,49.0
CE,2020-03-03,,35.0,39.0,13.0,39.0
CE,2020-03-04,,44.0,34.0,13.0,44.0
CE,2020-03-05,,46.0,32.0,9.0,46.0
CE,2020-03-06,,51.0,34.0,17.0,51.0
CE,2020-03-07,,54.0,32.0,8.0,54.0
CE,2020-03-08,,46.0,33.0,8.0,46.0
CE,2020-03-09,,35.0,36.0,12.0,36.0
CE,2020-03-10,,33.0,41.0,13.0,41.0
CE,2020-03-11,,43.0,39.0,11.0,43.0
CE,2020-03-12,,67.0,44.0,20.0,67.0
CE,2020-03-13,,101.0,42.0,18.0,101.0
CE,2020-03-14,,97.0,38.0,11.0,97.0
CE,2020-03-15,,39.0,35.0,4.0,39.0
CE,2020-03-16,,25.0,36.0,9.0,36.0
CE,2020-03-17,,46.0,40.0,8.0,46.0
CE,2020-03-18,,38.0,38.0,7.0,38.0
CE,2020-03-19,,71.0,41.0,14.0,71.0
CE,2020-03-20,,37.0,40.0,9.0,40.0
CE,2020-03-21,,23.0,41.0,8.0,41.0
CE,2020-03-22,,34.0,41.0,10.0,41.0
CE,2020-03-23,,80.0,43.0,12.0,80.0
CE,2020-03-24,,101.0,44.0,16.0,101.0
CE,2020-03-25,,87.0,41.0,12.0,87.0
CE,2020-03-26,,101.0,43.0,15.0,101.0
CE,2020-03-27,,129.0,42.0,19.0,129.0
CE,2020-03-28,,46.0,41.0,11.0,46.0
CE,2020-03-29,,45.0,39.0,8.0,45.0
CE,2020-03-30,,71.0,44.0,16.0,71.0
CE,2020-03-31,,90.0,43.0,12.0,90.0
CE,2020-04-01,,58.0,39.0,5.0,58.0
CE,2020-04-02,,67.0,7.0,8.0,67.0
CE,2020-04-03,,36.0,8.0,7.0,36.0
CE,2020-04-04,,24.0,9.0,8.0,24.0
CE,2020-04-05,,28.0,8.0,7.0,28.0
CE,2020-04-06,,43.0,10.0,10.0,43.0
CE,2020-04-07,,50.0,10.0,8.0,50.0
CE,2020-04-08,,97.0,10.0,9.0,97.0
CE,2020-04-09,,140.0,8.0,8.0,140.0
CE,2020-04-10,,48.0,9.0,,48.0
CE,2020-04-11,,64.0,9.0,,64.0
CE,2020-04-12,,90.0,10.0,,90.0
CE,2020-04-13,,77.0,9.0,,77.0
CE,2020-04-14,,64.0,8.0,,64.0
CE,2020-04-15,,37.0,9.0,,37.0
CE,2020-04-16,,39.0,9.0,,39.0
CE,2020-04-17,,93.0,11.0,,93.0
CE,2020-04-18,,46.0,10.0,,46.0
CE,2020-04-19,,48.0,11.0,,48.0
CE,2020-04-20,,87.0,11.0,,87.0
CE,2020-04-21,,58.0,11.0,,58.0
CE,2020-04-22,,161.0,15.0,,161.0
CE,2020-04-23,,143.0,14.0,10.0,143.0
CE,2020-04-24,,197.0,15.0,19.0,197.0
CE,2020-04-25,,77.0,14.0,19.0,77.0
CE,2020-04-26,,50.0,12.0,8.0,50.0
CE,2020-04-27,,44.0,12.0,11.0,44.0
CE,2020-04-28,,132.0,16.0,17.0,132.0
CE,2020-04-29,,80.0,14.0,21.0,80.0
CE,2020-04-30,,54.0,12.0,9.0,54.0
CE,2020-05-01,,132.0,15.0,16.0,132.0
CE,2020-05-02,,136.0,16.0,16.0,136.0
CE,2020-05-03,,112.0,14.0,14.0,112.0
CE,2020-05-04,,97.0,17.0,25.0,97.0
CE,2020-05-05,,112.0,18.0,20.0,112.0
CE,2020-05-06,,115.0,14.0,11.0,115.0
CE,2020-05-07,,54.0,15.0,15.0,54.0
CE,2020-05-08,,132.0,17.0,20.0,132.0
CE,2020-05-09,,45.0,15.0,13.0,45.0
CE,2020-05-10,,45.0,14.0,6.0,45.0
CE,2020-05-11,,46.0,15.0,8.0,46.0
CE,2020-05-12,,118.0,16.0,12.0,118.0
CE,2020-05-13,,46.0,16.0,10.0,46.0
CE,2020-05-14,,44.0,16.0,8.0,44.0
CE,2020-05-15,,74.0,18.0,13.0,74.0
CE,2020-05-16,,93.0,17.0,10.0,93.0
CE,2020-05-17,,104.0,17.0,16.0,104.0
CE,2020-05-18,,104.0,23.0,22.0,104.0
CE,2020-05-19,,190.0,20.0,14.0,190.0
CE,2020-05-20,,122.0,19.0,17.0,122.0
CE,2020-05-21,,49.0,18.0,8.0,49.0
CE,2020-05-22,,154.0,20.0,16.0,154.0
CE,2020-05-23,,71.0,18.0,6.0,71.0
CE,2020-05-24,,58.0,17.0,7.0,58.0
CE,2020-05-25,,61.0,18.0,9.0,61.0
CE,2020-05-26,,64.0,19.0,11.0,64.0
CE,2020-05-27,,51.0,19.0,17.0,51.0
CE,2020-05-28,,51.0,19.0,11.0,51.0
CE,2020-05-29,,71.0,19.0,14.0,71.0
CE,2020-05-30,,87.0,19.0,11.0,87.0
CE,2020-05-31,,104.0,19.0,13.0,104.0
CE,2020-06-01,,64.0,19.0,13.0,64.0
CE,2020-06-02,,36.0,19.0,7.0,36.0
CE,2020-06-03,,42.0,20.0,8.0,42.0
CE,2020-06-04,,48.0,22.0,8.0,48.0
CE,2020-06-05,,32.0,20.0,7.0,32.0
CE,2020-06-06,,50.0,20.0,5.0,50.0
CE,2020-06-07,,90.0,20.0,8.0,90.0
CE,2020-06-08,,122.0,24.0,15.0,122.0
CE,2020-06-09,,112.0,26.0,23.0,112.0
CE,2020-06-10,,74.0,22.0,14.0,74.0
CE,2020-06-11,,37.0,23.0,13.0,37.0
CE,2020-06-12,,118.0,23.0,15.0,118.0
CE,2020-06-13,,177.0,20.0,6.0,177.0
CE,2020-06-14,,164.0,20.0,7.0,164.0
CE,2020-06-15,,115.0,23.0,16.0,115.0
CE,2020-06-16,,47.0,22.0,8.0,47.0
CE,2020-06-17,,40.0,23.0,7.0,40.0
CE,2020-06-18,,51.0,24.0,11.0,51.0
CE,2020-06-19,,49.0,24.0,12.0,49.0
CE,2020-06-20,,30.0,23.0,,30.0
CE,2020-06-21,,50.0,25.0,8.0,50.0
CE,2020-06-22,,31.0,25.0,,31.0
CE,2020-06-23,,48.0,26.0,13.0,48.0
CE,2020-06-24,,58.0,27.0,11.0,58.0
CE,2020-06-25,,50.0,28.0,20.0,50.0
CE,2020-06-26,,32.0,25.0,10.0,32.0
CE,2020-06-27,,35.0,27.0,,35.0
CE,2020-06-28,,74.0,26.0,8.0,74.0
CE,2020-06-29,,44.0,26.0,11.0,44.0
CE,2020-06-30,,44.0,27.0,10.0,44.0
CE,2020-07-01,,100.0,27.0,12.0,100.0
CE,2020-07-02,,40.0,27.0,13.0,40.0
CE,2020-07-03,,11.0,27.0,11.0,27.0
CE,2020-07-04,,,27.0,11.0,27.0
CE,2020-07-05,,,26.0,11.0,26.0
CE,2020-07-06,,,27.0,15.0,27.0
CE,2020-07-07,,,27.0,11.0,27.0
CE,2020-07-08,,,27.0,10.0,27.0
CE,2020-07-09,,,27.0,9.0,27.0
CE,2020-07-10,,,30.0,19.0,30.0
CE,2020-07-11,,,28.0,13.0,28.0
CE,2020-07-12,,,28.0,12.0,28.0
CE,2020-07-13,,,30.0,14.0,30.0
CE,2020-07-14,,58.0,31.0,16.0,58.0
CE,2020-07-15,,48.0,22.0,8.0,48.0
CE,2020-07-16,,41.0,22.0,9.0,41.0
CE,2020-07-17,,54.0,23.0,10.0,54.0
CE,2020-07-18,,47.0,23.0,8.0,47.0
CE,2020-07-19,,51.0,24.0,9.0,51.0
CE,2020-07-20,,39.0,23.0,6.0,39.0
CE,2020-07-21,,49.0,24.0,7.0,49.0
CE,2020-07-22,,42.0,25.0,8.0,42.0
CE,2020-07-23,,42.0,25.0,5.0,42.0
CE,2020-07-24,,49.0,24.0,5.0,49.0
CE,2020-07-25,,40.0,24.0,5.0,40.0
CE,2020-07-26,,43.0,23.0,5.0,43.0
CE,2020-07-27,,45.0,27.0,,45.0
CE,2020-07-28,,42.0,26.0,6.0,42.0
CE,2020-07-29,,34.0,27.0,6.0,34.0
CE,2020-07-30,,30.0,24.0,,30.0
CE,2020-07-31,,,,,
CE,2020-08-01,,,,,
CE,2020-08-02,,,,,
CE,2020-08-03,,,,,
CE,2020-08-04,,,,,
CE,2020-08-05,,,,,
CE,2020-08-06,,,,,
CE,2020-08-07,,,,,
CE,2020-08-08,,,,,
CE,2020-08-09,,,,,
CE,2020-08-10,,,,,
CE,2020-08-11,,,,,
CE,2020-08-12,,,,,
CE,2020-08-13,,,,,
CE,2020-08-14,,,,,
CE,2020-08-15,,,,,
CE,2020-08-16,,,,,
CE,2020-08-17,,,,,
CE,2020-08-18,,,,,
CE,2020-08-19,,,,,
CE,2020-08-20,,,,,
CE,2020-08-21,,,,,
CE,2020-08-22,,,,,
CE,2020-08-23,,,,,
CE,2020-08-24,,,,,
CE,2020-08-25,,,,,
CE,2020-08-26,,,,,
CE,2020-08-27,,,,,
CE,2020-08-28,,,,,
CE,2020-08-29,,,,,
CE,2020-08-30,,,,,
CE,2020-08-31,,,,,
CE,2020-09-01,,,,,
CE,2020-09-02,,,,,
CE,2020-09-03,,,,,
CE,2020-09-04,,,,,
CE,2020-09-05,,,,,
CE,2020-09-06,,,,,
CE,2020-09-07,,,,,
CE,2020-09-08,,,,,
CE,2020-09-09,,,,,
CE,2020-09-10,,,,,
CE,2020-09-11,,,,,
CE,2020-09-12,,,,,
CE,2020-09-13,,,,,
CE,2020-09-14,,,,,
CE,2020-09-15,,,,,
CE,2020-09-16,,,,,
CE,2020-09-17,,,,,
CE,2020-09-18,,,,,
CE,2020-09-19,,,,,
CE,2020-09-20,,,,,
CE,2020-09-21,,,,,
CE,2020-09-22,,,,,
CE,2020-09-23,,,,,
CE,2020-09-24,,,,,
CE,2020-09-25,,,,,
CE,2020-09-26,,,,,
CE,2020-09-27,,,,,
CE,2020-09-28,,,,,
CE,2020-09-29,,,,,
CE,2020-09-30,,,,,
CE,2020-10-01,,,,,
CE,2020-10-02,,,,,
CE,2020-10-03,,,,,
CE,2020-10-04,,,,,
CE,2020-10-05,,,,,
CE,2020-10-06,,,,,
CE,2020-10-07,,,,,
CE,2020-10-08,,,,,
CE,2020-10-09,,,,,
CE,2020-10-10,,,,,
CE,2020-10-11,,,,,
CE,2020-10-12,,,,,
CE,2020-10-13,,,,,
CE,2020-10-14,,,,,
CE,2020-10-15,,,,,
CE,2020-10-16,,,,,
CE,2020-10-17,,,,,
CE,2020-10-18,,,,,
CE,2020-10-19,,,,,
CE,2020-10-20,,,,,
CE,2020-10-21,,,,,
CE,2020-10-22,,,,,
CE,2020-10-23,,,,,
CE,2020-10-24,,,,,
CE,2020-10-25,,,,,
CE,2020-10-26,,,,,
CE,2020-10-27,,,,,
CE,2020-10-28,,,,,
CE,2020-10-29,,,,,
CE,2020-10-30,,,,,
CE,2020-10-31,,,,,
CE,2020-11-01,,,,,
CE,2020-11-02,,,,,
CE,2020-11-03,,,,,
CE,2020-11-04,,,,,
CE,2020-11-05,,,,,
CE,2020-11-06,,,,,
CE,2020-11-07,,,,,
CE,2020-11-08,,,,,
CE,2020-11-09,,,,,
CE,2020-11-10,,,,,
CE,2020-11-11,,,,,
CE,2020-11-12,,,,,
CE,2020-11-13,,,,,
CE,2020-11-14,,,,,
CE,2020-11-15,,,,,
CE,2020-11-16,,,,,
CE,2020-11-17,,,,,
CE,2020-11-18,,,,,
CE,2020-11-19,,,,,
CE,2020-11-20,,,,,
CE,2020-11-21,,,,,
CE,2020-11-22,,,,,
CE,2020-11-23,,,,,
CE,2020-11-24,,,,,
CE,2020-11-25,,,,,
CE,2020-11-26,,,,,
CE,2020-11-27,,,,,
CE,2020-11-28,,,,,
CE,2020-11-29,,,,,
CE,2020-11-30,,,,,
CE,2020-12-01,,,,,
CE,2020-12-02,,,,,
CE,2020-12-03,,,,,
CE,2020-12-04,,,,,
CE,2020-12-05,,,,,
CE,2020-12-06,,,,,
CE,2020-12-07,,,,,
CE,2020-12-08,,,,,
CE,2020-12-09,,,,,
CE,2020-12-10,,,,,
CE,2020-12-11,,,,,
CE,2020-12-12,,,,,
CE,2020-12-13,,,,,
CE,2020-12-14,,,,,
CE,2020-12-15,,,,,
CE,2020-12-16,,,,,
CE,2020-12-17,,,,,
CE,2020-12-18,,,,,
CE,2020-12-19,,,,,
CE,2020-12-20,,,,,
CE,2020-12-21,,,,,
CE,2020-12-22,,,,,
CE,2020-12-23,,,,,
CE,2020-12-24,,,,,
CE,2020-12-25,,,,,
CE,2020-12-26,,,,,
CE,2020-12-27,,,,,
CE,2020-12-28,,,,,
CE,2020-12-29,,,,,
CE,2020-12-30,,,,,
CE,2020-12-31,,,,,
CE,2021-01-01,,,,,
CE,2021-01-02,,,,,
CE,2021-01-03,,,,,
CE,2021-01-04,,,,,
CE,2021-01-05,,,,,
CE,2021-01-06,,,,,
CE,2021-01-07,,,,,
CE,2021-01-08,,,,,
CE,2021-01-09,,,,,
CE,2021-01-10,,,,,
CE,2021-01-11,,,,,
CE,2021-01-12,,,,,
CE,2021-01-13,,,,,
CE,2021-01-14,,,,,
CE,2021-01-15,,,,,
CE,2021-01-16,,,,,
CE,2021-01-17,,,,,
CE,2021-01-18,,,,,
CE,2021-01-19,,,,,
CE,2021-01-20,,,,,
CE,2021-01-21,,,,,
CE,2021-01-22,,,,,
CE,2021-01-23,,,,,
CE,2021-01-24,,,,,
CE,2021-01-25,,,,,
CE,2021-01-26,,,,,
CE,2021-01-27,,,,,
CE,2021-01-28,,,,,
CE,2021-01-29,,,,,
CE,2021-01-30,,,,,
CE,2021-01-31,,,,,
CE,2021-02-01,,,,,
CE,2021-02-02,,,,,
CE,2021-02-03,,,,,
CE,2021-02-04,,,,,
CE,2021-02-05,,,,,
CE,2021-02-06,,,,,
CE,2021-02-07,,,,,
CE,2021-02-08,,,,,
CE,2021-02-09,,,,,
CE,2021-02-10,,,,,
CE,2021-02-11,,,,,
CE,2021-02-12,,,,,
CE,2021-02-13,,,,,
CE,2021-02-14,,,,,
CE,2021-02-15,,,,,
CE,2021-02-16,,,,,
CE,2021-02-17,,,,,
CE,2021-02-18,,,,,
CE,2021-02-19,,,,,
CE,2021-02-20,,,,,
CE,2021-02-21,,,,,
CE,2021-02-22,,,,,
CE,2021-02-23,,,,,
CE,2021-02-24,,,,,
CE,2021-02-25,,,,,
CE,2021-02-26,,,,,
CE,2021-02-27,,,,,
CE,2021-02-28,,,,,
CE,2021-03-01,,,,,
CE,2021-03-02,,,,,
CE,2021-03-03,,,,,
CE,2021-03-04,,,,,
CE,2021-03-05,,,,,
CE,2021-03-06,,,,,
CE,2021-03-07,,,,,
CE,2021-03-08,,,,,
CE,2021-03-09,,,,,
CE,2021-03-10,,,,,
CE,2021-03-11,,,,,
CE,2021-03-12,,,,,
CE,2021-03-13,,,,,
CE,2021-03-14,,,,,
CE,2021-03-15,,,,,
CE,2021-03-16,,,,,
CE,2021-03-17,,,,,
CE,2021-03-18,,,,,
CE,2021-03-19,,,,,
CE,2021-03-20,,,,,
CE,2021-03-21,,,,,
CE,2021-03-22,,,,,
CE,2021-03-23,,,,,
CE,2021-03-24,,,,,
CE,2021-03-25,,,,,
CE,2021-03-26,,,,,
CE,2021-03-27,,,,,
CE,2021-03-28,,,,,
CE,2021-03-29,,,,,
CE,2021-03-30,,,,,
CE,2021-03-31,,,,,
CE,2021-04-01,,,,,
CE,2021-04-02,,,,,
CE,2021-04-03,,,,,
CE,2021-04-04,,,,,
CE,2021-04-05,,,,,
CE,2021-04-06,,,,,
CE,2021-04-07,,,,,
CE,2021-04-08,,,,,
CE,2021-04-09,,,,,
CE,2021-04-10,,,,,
CE,2021-04-11,,,,,
CE,2021-04-12,,,,,
CE,2021-04-13,,,,,
CE,2021-04-14,,,,,
CE,2021-04-15,,,,,
CE,2021-04-16,,,,,
CE,2021-04-17,,,,,
CE,2021-04-18,,,,,
CE,2021-04-19,,,,,
CE,2021-04-20,,,,,
CE,2021-04-21,,,,,
CE,2021-04-22,,,,,
CE,2021-04-23,,,,,
CE,2021-04-24,,,,,
CE,2021-04-25,,,,,
CE,2021-04-26,,,,,
CE,2021-04-27,,,,,
CE,2021-04-28,,,,,
CE,2021-04-29,,,,,
CE,2021-04-30,,,,,
CE,2021-05-01,,,,,
CE,2021-05-02,,,,,
CE,2021-05-03,,,,,
CE,2021-05-04,,,,,
CE,2021-05-05,,,,,
CE,2021-05-06,,,,,
CE,2021-05-07,,,,,
CE,2021-05-08,,,,,
CE,2021-05-09,,,,,
CE,2021-05-10,,,,,
CE,2021-05-11,,,,,
CE,2021-05-12,,,,,
CE,2021-05-13,,,,,
CE,2021-05-14,,,,,
CE,2021-05-15,,,,,
CE,2021-05-16,,,,,
CE,2021-05-17,,,,,
CE,2021-05-18,,,,,
CE,2021-05-19,,,,,
CE,2021-05-20,,,,,
CE,2021-05-21,,,,,
CE,2021-05-22,,,,,
CE,2021-05-23,,,,,
CE,2021-05-24,,,,,
CE,2021-05-25,,,,,
CE,2021-05-26,,,,,
CE,2021-05-27,,,,,
CE,2021-05-28,,,,,
CE,2021-05-29,,,,,
CE,2021-05-30,,,,,
CE,2021-05-31,,,,,
CE,2021-06-01,,,,,
CE,2021-06-02,,,,,
CE,2021-06-03,,,,,
CE,2021-06-04,,,,,
CE,2021-06-05,,,,,
CE,2021-06-06,,,,,
CE,2021-06-07,,,,,
CE,2021-06-08,,,,,
CE,2021-06-09,,,,,
CE,2021-06-10,,,,,
CE,2021-06-11,,,,,
CE,2021-06-12,,,,,
CE,2021-06-13,,,,,
CE,2021-06-14,,,,,
CE,2021-06-15,,,,,
CE,2021-06-16,,,,,
CE,2021-06-17,,,,,
CE,2021-06-18,,,,,
CE,2021-06-19,,,,,
CE,2021-06-20,,,,,
CE,2021-06-21,,,,,
CE,2021-06-22,,,,,
CE,2021-06-23,,,,,
CE,2021-06-24,,,,,
CE,2021-06-25,,,,,
CE,2021-06-26,,,,,
CE,2021-06-27,,,,,
CE,2021-06-28,,,,,
CE,2021-06-29,,,,,
CE,2021-06-30,,,,,
CE,2021-07-01,,,,,
CE,2021-07-02,,,,,
CE,2021-07-03,,,,,
CE,2021-07-04,,,,,
CE,2021-07-05,,,,,
CE,2021-07-06,,,,,
CE,2021-07-07,,,,,
CE,2021-07-08,,,,,
CE,2021-07-09,,,,,
CE,2021-07-10,,,,,
CE,2021-07-11,,,,,
CE,2021-07-12,,,,,
CE,2021-07-13,,,,,
CE,2021-07-14,,,,,
CE,2021-07-15,,,,,
CE,2021-07-16,,,,,
CE,2021-07-17,,,,,
CE,2021-07-18,,,,,
CE,2021-07-19,,,,,
CE,2021-07-20,,,,,
CE,2021-07-21,,,,,
CE,2021-07-22,,,,,
CE,2021-07-23,,,,,
CE,2021-07-24,,,,,
CE,2021-07-25,,,,,
CE,2021-07-26,,,,,
CE,2021-07-27,,,,,
CE,2021-07-28,,,,,
CE,2021-07-29,,,,,
CE,2021-07-30,,,,,
CE,2021-07-31,,,,,
CE,2021-08-01,,,,,
CE,2021-08-02,,,,,
CE,2021-08-03,,,,,
CE,2021-08-04,,,,,
CE,2021-08-05,,,,,
CE,2021-08-06,,,,,
CE,2021-08-07,,,,,
CE,2021-08-08,,,,,
CE,2021-08-09,,,,,
CE,2021-08-10,,,,,
CE,2021-08-11,,,,,
CE,2021-08-12,,,,,
CE,2021-08-13,,,,,
CE,2021-08-14,,,,,
CE,2021-08-15,,,,,
CE,2021-08-16,,,,,
CE,2021-08-17,,,,,
CE,2021-08-18,,,,,
CE,2021-08-19,,,,,
CE,2021-08-20,,,,,
CE,2021-08-21,,,,,
CE,2021-08-22,,,,,
CE,2021-08-23,,,,,
CE,2021-08-24,,,,,
CE,2021-08-25,,,,,
CE,2021-08-26,,,,,
CE,2021-08-27,,,,,
CE,2021-08-28,,,,,
CE,2021-08-29,,,,,
CE,2021-08-30,,,,,
CE,2021-08-31,,,,,
CE,2021-09-01,,,,,
CE,2021-09-02,,,,,
CE,2021-09-03,,,,,
CE,2021-09-04,,,,,
CE,2021-09-05,,,,,
CE,2021-09-06,,,,,
CE,2021-09-07,,,,,
CE,2021-09-08,,,,,
CE,2021-09-09,,,,,
CE,2021-09-10,,,,,
CE,2021-09-11,,,,,
CE,2021-09-12,,,,,
CE,2021-09-13,,,,,
CE,2021-09-14,,,,,
CE,2021-09-15,,,,,
CE,2021-09-16,,,,,
CE,2021-09-17,,,,,
CE,2021-09-18,,,,,
CE,2021-09-19,,,,,
CE,2021-09-20,,,,,
CE,2021-09-21,,,,,
CE,2021-09-22,,,,,
CE,2021-09-23,,,,,
CE,2021-09-24,,,,,
CE,2021-09-25,,,,,
CE,2021-09-26,,,,,
CE,2021-09-27,,,,,
CE,2021-09-28,,,,,
CE,2021-09-29,,,,,
CE,2021-09-30,,,,,
CE,2021-10-01,,,,,
CE,2021-10-02,,,,,
CE,2021-10-03,,,,,
CE,2021-10-04,,,,,
CE,2021-10-05,,,,,
CE,2021-10-06,,,,,
CE,2021-10-07,,,,,
CE,2021-10-08,,,,,
CE,2021-10-09,,,,,
CE,2021-10-10,,,,,
CE,2021-10-11,,,,,
CE,2021-10-12,,,,,
CE,2021-10-13,,,,,
CE,2021-10-14,,,,,
CE,2021-10-15,,,,,
CE,2021-10-16,,,,,
CE,2021-10-17,,,,,
CE,2021-10-18,,,,,
CE,2021-10-19,,,,,
CE,2021-10-20,,,,,
CE,2021-10-21,,,,,
CE,2021-10-22,,,,,
CE,2021-10-23,,,,,
CE,2021-10-24,,,,,
CE,2021-10-25,,,,,
CE,2021-10-26,,,,,
CE,2021-10-27,,,,,
CE,2021-10-28,,,,,
CE,2021-10-29,,,,,
CE,2021-10-30,,,,,
CE,2021-10-31,,,,,
CE,2021-11-01,,,,,
CE,2021-11-02,,,,,
CE,2021-11-03,,,,,
CE,2021-11-04,,,,,
CE,2021-11-05,,,,,
CE,2021-11-06,,,,,
CE,2021-11-07,,,,,
CE,2021-11-08,,,,,
CE,2021-11-09,,,,,
CE,2021-11-10,,,,,
CE,2021-11-11,,,,,
CE,2021-11-12,,,,,
CE,2021-11-13,,,,,
CE,2021-11-14,,,,,
CE,2021-11-15,,,,,
CE,2021-11-16,,,,,
CE,2021-11-17,,,,,
CE,2021-11-18,,,,,
CE,2021-11-19,,,,,
CE,2021-11-20,,,,,
CE,2021-11-21,,,,,
CE,2021-11-22,,,,,
CE,2021-11-23,,,,,
CE,2021-11-24,,,,,
CE,2021-11-25,,,,,
CE,2021-11-26,,,,,
CE,2021-11-27,,,,,
CE,2021-11-28,,,,,
CE,2021-11-29,,,,,
CE,2021-11-30,,,,,
CE,2021-12-01,,,,,
CE,2021-12-02,,,,,
CE,2021-12-03,,,,,
CE,2021-12-04,,,,,
CE,2021-12-05,,,,,
CE,2021-12-06,,,,,
CE,2021-12-07,,,,,
CE,2021-12-08,,,,,
CE,2021-12-09,,,,,
CE,2021-12-10,,,,,
CE,2021-12-11,,,,,
CE,2021-12-12,,,,,
CE,2021-12-13,,,,,
CE,2021-12-14,,,,,
CE,2021-12-15,,,,,
CE,2021-12-16,,,,,
CE,2021-12-17,,,,,
CE,2021-12-18,,,,,
CE,2021-12-19,,,,,
CE,2021-12-20,,,,,
CE,2021-12-21,,,,,
CE,2021-12-22,,,,,
CE,2021-12-23,,,,,
CE,2021-12-24,,,,,
CE,2021-12-25,,,,,
CE,2021-12-26,,,,,
CE,2021-12-27,,,,,
CE,2021-12-28,,,,,
CE,2021-12-29,,,,,
CE,2021-12-30,,,,,
CE,2021-12-31,,,,,
CE,2022-01-01,,,,,
CE,2022-01-02,,,,,
CE,2022-01-03,,,,,
CE,2022-01-04,,,,,
CE,2022-01-05,,,,,
CE,2022-01-06,,,,,
CE,2022-01-07,,,,,
CE,2022-01-08,,,,,
CE,2022-01-09,,,,,
CE,2022-01-10,,,,,
CE,2022-01-11,,,,,
CE,2022-01-12,,,,,
CE,2022-01-13,,,,,
CE,2022-01-14,,,,,
CE,2022-01-15,,,,,
CE,2022-01-16,,,,,
CE,2022-01-17,,,,,
CE,2022-01-18,,,,,
CE,2022-01-19,,,,,
CE,2022-01-20,,,,,
CE,2022-01-21,,,,,
CE,2022-01-22,,,,,
CE,2022-01-23,,,,,
CE,2022-01-24,,,,,
CE,2022-01-25,,,,,
CE,2022-01-26,,,,,
CE,2022-01-27,,,,,
CE,2022-01-28,,,,,
CE,2022-01-29,,,,,
CE,2022-01-30,,,,,
CE,2022-01-31,,,,,
CE,2022-02-01,,,,,
CE,2022-02-02,,,,,
CE,2022-02-03,,,,,
CE,2022-02-04,,,,,
CE,2022-02-05,,,,,
CE,2022-02-06,,,,,
CE,2022-02-07,,,,,
CE,2022-02-08,,,,,
CE,2022-02-09,,,,,
CE,2022-02-10,,,,,
CE,2022-02-11,,,,,
CE,2022-02-12,,,,,
CE,2022-02-13,,,,,
CE,2022-02-14,,,,,
CE,2022-02-15,,,,,
CE,2022-02-16,,,,,
CE,2022-02-17,,,,,
CE,2022-02-18,,,,,
CE,2022-02-19,,,,,
CE,2022-02-20,,,,,
CE,2022-02-21,,,,,
CE,2022-02-22,,,,,
CE,2022-02-23,,,,,
CE,2022-02-24,,,,,
CE,2022-02-25,,,,,
CE,2022-02-26,,,,,
CE,2022-02-27,,,,,
CE,2022-02-28,,,,,
CE,2022-03-01,,,,,
CE,2022-03-02,,,,,
CE,2022-03-03,,,,,
CE,2022-03-04,,,,,
CE,2022-03-05,,,,,
CE,2022-03-06,,,,,
CE,2022-03-07,,,,,
CE,2022-03-08,,,,,
CE,2022-03-09,,,,,
CE,2022-03-10,,,,,
CE,2022-03-11,,,,,
CE,2022-03-12,,,,,
CE,2022-03-13,,,,,
CE,2022-03-14,,,,,
CE,2022-03-15,,,,,
CE,2022-03-16,,,,,
CE,2022-03-17,,,,,
CE,2022-03-18,,,,,
CE,2022-03-19,,,,,
CE,2022-03-20,,,,,
CE,2022-03-21,,,,,
CE,2022-03-22,,,,,
CE,2022-03-23,,,,,
CE,2022-03-24,,,,,
CE,2022-03-25,,,,,
CE,2022-03-26,,,,,
CE,2022-03-27,,,,,
CE,2022-03-28,,,,,
CE,2022-03-29,,,,,
CE,2022-03-30,,,,,
CE,2022-03-31,,,,,
CE,2022-04-01,,,,,
CE,2022-04-02,,,,,
CE,2022-04-03,,,,,
CE,2022-04-04,,,,,
CE,2022-04-05,,,,,
CE,2022-04-06,,,,,
CE,2022-04-07,,,,,
CE,2022-04-08,,,,,
CE,2022-04-09,,,,,
CE,2022-04-10,,,,,
CE,2022-04-11,,,,,
CE,2022-04-12,,,,,
CE,2022-04-13,,,,,
CE,2022-04-14,,,,,
CE,2022-04-15,,,,,
CE,2022-04-16,,,,,
CE,2022-04-17,,,,,
CE,2022-04-18,,,,,
CE,2022-04-19,,,,,
CE,2022-04-20,,,,,
CE,2022-04-21,,,,,
CE,2022-04-22,,,,,
CE,2022-04-23,,,,,
CE,2022-04-24,,,,,
CE,2022-04-25,,,,,
CE,2022-04-26,,,,,
CE,2022-04-27,,,,,
CE,2022-04-28,,,,,
CE,2022-04-29,,,,,
CE,2022-04-30,,,,,
CE,2022-05-01,,,,,
CE,2022-05-02,,,,,
CE,2022-05-03,,,,,
CE,2022-05-04,,,,,
CE,2022-05-05,,,,,
CE,2022-05-06,,,,,
CE,2022-05-07,,,,,
CE,2022-05-08,,,,,
CE,2022-05-09,,,,,
CE,2022-05-10,,,,,
CE,2022-05-11,,,,,
CE,2022-05-12,,,,,
CE,2022-05-13,,,,,
CE,2022-05-14,,,,,
CE,2022-05-15,,,,,
CE,2022-05-16,,,,,
CE,2022-05-17,,,,,
CE,2022-05-18,,,,,
CE,2022-05-19,,,,,
CE,2022-05-20,,,,,
CE,2022-05-21,,,,,
CE,2022-05-22,,,,,
CE,2022-05-23,,,,,
CE,2022-05-24,,,,,
CE,2022-05-25,,,,,
CE,2022-05-26,,,,,
CE,2022-05-27,,,,,
CE,2022-05-28,,,,,
CE,2022-05-29,,,,,
CE,2022-05-30,,,,,
CE,2022-05-31,,,,,
CE,2022-06-01,,,,,
CE,2022-06-02,,,,,
CE,2022-06-03,,,,,
CE,2022-06-04,,,,,
CE,2022-06-05,,,,,
CE,2022-06-06,,,,,
CE,2022-06-07,,,,,
CE,2022-06-08,,,,,
CE,2022-06-09,,,,,
CE,2022-06-10,,,,,
CE,2022-06-11,,,,,
CE,2022-06-12,,,,,
CE,2022-06-13,,,,,
CE,2022-06-14,,,,,
CE,2022-06-15,,,,,
CE,2022-06-16,,,,,
CE,2022-06-17,,,,,
CE,2022-06-18,,,,,
CE,2022-06-19,,,,,
CE,2022-06-20,,,,,
CE,2022-06-21,,,,,
CE,2022-06-22,,,,,
CE,2022-06-23,,,,,
CE,2022-06-24,,,,,
CE,2022-06-25,,,,,
CE,2022-06-26,,,,,
CE,2022-06-27,,,,,
CE,2022-06-28,,,,,
CE,2022-06-29,,,,,
CE,2022-06-30,,,,,
CE,2022-07-01,,,,,
CE,2022-07-02,,,,,
CE,2022-07-03,,,,,
CE,2022-07-04,,,,,
CE,2022-07-05,,,,,
CE,2022-07-06,,,,,
CE,2022-07-07,,,,,
CE,2022-07-08,,,,,
CE,2022-07-09,,,,,
CE,2022-07-10,,,,,
CE,2022-07-11,,,,,
CE,2022-07-12,,,,,
CE,2022-07-13,,,,,
CE,2022-07-14,,,,,
CE,2022-07-15,,,,,
CE,2022-07-16,,,,,
CE,2022-07-17,,,,,
CE,2022-07-18,,,,,
CE,2022-07-19,,,,,
CE,2022-07-20,,,,,
CE,2022-07-21,,,,,
CE,2022-07-22,,,,,
CE,2022-07-23,,,,,
CE,2022-07-24,,,,,
CE,2022-07-25,,,,,
CE,2022-07-26,,,,,
CE,2022-07-27,,,,,
CE,2022-07-28,,,,,
CE,2022-07-29,,,,,
CE,2022-07-30,,,,,
CE,2022-07-31,,,,,
CE,2022-08-01,,,,,
CE,2022-08-02,,,,,
CE,2022-08-03,,,,,
CE,2022-08-04,,,,,
CE,2022-08-05,,,,,
CE,2022-08-06,,,,,
CE,2022-08-07,,,,,
CE,2022-08-08,,,,,
CE,2022-08-09,,,,,
CE,2022-08-10,,,,,
CE,2022-08-11,,,,,
CE,2022-08-12,,,,,
CE,2022-08-13,,,,,
CE,2022-08-14,,,,,
CE,2022-08-15,,,,,
CE,2022-08-16,,,,,
CE,2022-08-17,,,,,
CE,2022-08-18,,,,,
CE,2022-08-19,,,,,
CE,2022-08-20,,,,,
CE,2022-08-21,,,,,
CE,2022-08-22,,,,,
CE,2022-08-23,,,,,
CE,2022-08-24,,,,,
CE,2022-08-25,,,,,
CE,2022-08-26,,,,,
CE,2022-08-27,,,,,
CE,2022-08-28,,,,,
CE,2022-08-29,,,,,
CE,2022-08-30,,,,,
CE,2022-08-31,,,,,
CE,2022-09-01,,,,,
CE,2022-09-02,,,,,
CE,2022-09-03,,,,,
CE,2022-09-04,,,,,
CE,2022-09-05,,,,,
CE,2022-09-06,,,,,
CE,2022-09-07,,,,,
CE,2022-09-08,,,,,
CE,2022-09-09,,,,,
CE,2022-09-10,,,,,
CE,2022-09-11,,,,,
CE,2022-09-12,,,,,
CE,2022-09-13,,,,,
CE,2022-09-14,,,,,
CE,2022-09-15,,,,,
CE,2022-09-16,,,,,
CE,2022-09-17,,,,,
CE,2022-09-18,,,,,
CE,2022-09-19,,,,,
CE,2022-09-20,,,,,
CE,2022-09-21,,,,,
CE,2022-09-22,,,,,
CE,2022-09-23,,,,,
CE,2022-09-24,,,,,
CE,2022-09-25,,,,,
CE,2022-09-26,,,,,
CE,2022-09-27,,,,,
CE,2022-09-28,,,,,
CE,2022-09-29,,,,,
CE,2022-09-30,,,,,
CE,2022-10-01,,,,,
CE,2022-10-02,,,,,
CE,2022-10-03,,,,,
CE,2022-10-04,,,,,
CE,2022-10-05,,,,,
CE,2022-10-06,,,,,
CE,2022-10-07,,,,,
CE,2022-10-08,,,,,
CE,2022-10-09,,,,,
CE,2022-10-10,,,,,
CE,2022-10-11,,,,,
CE,2022-10-12,,,,,
CE,2022-10-13,,,,,
CE,2022-10-14,,,,,
CE,2022-10-15,,,,,
CE,2022-10-16,,,,,
CE,2022-10-17,,,,,
CE,2022-10-18,,,,,
CE,2022-10-19,,,,,
CE,2022-10-20,,,,,
CE,2022-10-21,,,,,
CE,2022-10-22,,,,,
CE,2022-10-23,,,,,
CE,2022-10-24,,,,,
CE,2022-10-25,,,,,
CE,2022-10-26,,,,,
CE,2022-10-27,,,,,
CE,2022-10-28,,,,,
CE,2022-10-29,,,,,
CE,2022-10-30,,,,,
CE,2022-10-31,,,,,
CE,2022-11-01,,,,,
CE,2022-11-02,,,,,
CE,2022-11-03,,,,,
CE,2022-11-04,,,,,
CE,2022-11-05,,,,,
CE,2022-11-06,,,,,
CE,2022-11-07,,,,,
CE,2022-11-08,,,,,
CE,2022-11-09,,,,,
CE,2022-11-10,,,,,
CE,2022-11-11,,,,,
CE,2022-11-12,,,,,
CE,2022-11-13,,,,,
CE,2022-11-14,,,,,
CE,2022-11-15,,,,,
CE,2022-11-16,,,,,
CE,2022-11-17,,,,,
CE,2022-11-18,,,,,
CE,2022-11-19,,,,,
CE,2022-11-20,,,,,
CE,2022-11-21,,,,,
CE,2022-11-22,,,,,
CE,2022-11-23,,,,,
CE,2022-11-24,,,,,
CE,2022-11-25,,,,,
CE,2022-11-26,,,,,
CE,2022-11-27,,,,,
CE,2022-11-28,,,,,
CE,2022-11-29,,,,,
CE,2022-11-30,,,,,
CE,2022-12-01,,,,,
CE,2022-12-02,,,,,
CE,2022-12-03,,,,,
CE,2022-12-04,,,,,
CE,2022-12-05,,,,,
CE,2022-12-06,,,,,
CE,2022-12-07,,,,,
CE,2022-12-08,,,,,
CE,2022-12-09,,,,,
CE,2022-12-10,,,,,
CE,2022-12-11,,,,,
CE,2022-12-12,,,,,
CE,2022-12-13,,,,,
CE,2022-12-14,,,,,
CE,2022-12-15,,,,,
CE,2022-12-16,,,,,
CE,2022-12-17,,,,,
CE,2022-12-18,,,,,
CE,2022-12-19,,,,,
CE,2022-12-20,,,,,
CE,2022-12-21,,,,,
CE,2022-12-22,,,,,
CE,2022-12-23,,,,,
CE,2022-12-24,,,,,
CE,2022-12-25,,,,,
CE,2022-12-26,,,,,
CE,2022-12-27,,,,,
CE,2022-12-28,,,,,
CE,2022-12-29,,,,,
CE,2022-12-30,,,,,
CE,2022-12-31,,,,,
CE,2023-01-01,,,,,
CE,2023-01-02,,,,,
CE,2023-01-03,,,,,
CE,2023-01-04,,,,,
CE,2023-01-05,,,,,
CE,2023-01-06,,,,,
CE,2023-01-07,,,,,
CE,2023-01-08,,,,,
CE,2023-01-09,,,,,
CE,2023-01-10,,,,,
CE,2023-01-11,,,,,
CE,2023-01-12,,,,,
CE,2023-01-13,,,,,
CE,2023-01-14,,,,,
CE,2023-01-15,,,,,
CE,2023-01-16,,,,,
CE,2023-01-17,,,,,
CE,2023-01-18,,,,,
CE,2023-01-19,,,,,
CE,2023-01-20,,,,,
CE,2023-01-21,,,,,
CE,2023-01-22,,,,,
CE,2023-01-23,,,,,
CE,2023-01-24,,,,,
CE,2023-01-25,,,,,
CE,2023-01-26,,,,,
CE,2023-01-27,,,,,
CE,2023-01-28,,,,,
CE,2023-01-29,,,,,
CE,2023-01-30,,,,,
CE,2023-01-31,,,,,
CE,2023-02-01,,,,,
CE,2023-02-02,,,,,
CE,2023-02-03,,,,,
CE,2023-02-04,,,,,
CE,2023-02-05,,,,,
CE,2023-02-06,,,,,
CE,2023-02-07,,,,,
CE,2023-02-08,,,,,
CE,2023-02-09,,,,,
CE,2023-02-10,,,,,
CE,2023-02-11,,,,,
CE,2023-02-12,,,,,
CE,2023-02-13,,,,,
CE,2023-02-14,,,,,
CE,2023-02-15,,,,,
CE,2023-02-16,,,,,
CE,2023-02-17,,,,,
CE,2023-02-18,,,,,
CE,2023-02-19,,,,,
CE,2023-02-20,,,,,
CE,2023-02-21,,,,,
CE,2023-02-22,,,,,
CE,2023-02-23,,,,,
CE,2023-02-24,,,,,
CE,2023-02-25,,,,,
CE,2023-02-26,,,,,
CE,2023-02-27,,,,,
CE,2023-02-28,,,,,
CE,2023-03-01,,,,,
CE,2023-03-02,,,,,
CE,2023-03-03,,,,,
CE,2023-03-04,,,,,
CE,2023-03-05,,,,,
CE,2023-03-06,,,,,
CE,2023-03-07,,,,,
CE,2023-03-08,,,,,
CE,2023-03-09,,,,,
CE,2023-03-10,,,,,
CE,2023-03-11,,,,,
CE,2023-03-12,,,,,
CE,2023-03-13,,,,,
CE,2023-03-14,,,,,
CE,2023-03-15,,,,,
CE,2023-03-16,,,,,
CE,2023-03-17,,,,,
CE,2023-03-18,,,,,
CE,2023-03-19,,,,,
CE,2023-03-20,,,,,
CE,2023-03-21,,,,,
CE,2023-03-22,,,,,
CE,2023-03-23,,,,,
CE,2023-03-24,,,,,
CE,2023-03-25,,,,,
CE,2023-03-26,,,,,
CE,2023-03-27,,,,,
CE,2023-03-28,,,,,
CE,2023-03-29,,,,,
CE,2023-03-30,,,,,
CE,2023-03-31,,,,,
CE,2023-04-01,,,,,
CE,2023-04-02,,,,,
CE,2023-04-03,,,,,
CE,2023-04-04,,,,,
CE,2023-04-05,,,,,
CE,2023-04-06,,,,,
CE,2023-04-07,,,,,
CE,2023-04-08,,,,,
CE,2023-04-09,,,,,
CE,2023-04-10,,,,,
CE,2023-04-11,,,,,
CE,2023-04-12,,,,,
CE,2023-04-13,,,,,
CE,2023-04-14,,,,,
CE,2023-04-15,,,,,
CE,2023-04-16,,,,,
CE,2023-04-17,,,,,
CE,2023-04-18,,,,,
CE,2023-04-19,,,,,
CE,2023-04-20,,,,,
CE,2023-04-21,,,,,
CE,2023-04-22,,,,,
CE,2023-04-23,,,,,
CE,2023-04-24,,,,,
CE,2023-04-25,,,,,
CE,2023-04-26,,,,,
CE,2023-04-27,,,,,
CE,2023-04-28,,,,,
CE,2023-04-29,,,,,
CE,2023-04-30,,,,,
CE,2023-05-01,,,,,
CE,2023-05-02,,,,,
CE,2023-05-03,,,,,
CE,2023-05-04,,,,,
CE,2023-05-05,,,,,
CE,2023-05-06,,,,,
CE,2023-05-07,,,,,
CE,2023-05-08,,,,,
CE,2023-05-09,,,,,
CE,2023-05-10,,,,,
CE,2023-05-11,,,,,
CE,2023-05-12,,,,,
CE,2023-05-13,,,,,
CE,2023-05-14,,,,,
CE,2023-05-15,,,,,
CE,2023-05-16,,,,,
CE,2023-05-17,,,,,
CE,2023-05-18,,,,,
CE,2023-05-19,,,,,
CE,2023-05-20,,,,,
CE,2023-05-21,,,,,
CE,2023-05-22,,,,,
CE,2023-05-23,,,,,
CE,2023-05-24,,,,,
CE,2023-05-25,,,,,
CE,2023-05-26,,,,,
CE,2023-05-27,,,,,
CE,2023-05-28,,,,,
CE,2023-05-29,,,,,
CE,2023-05-30,,,,,
CE,2023-05-31,,,,,
CE,2023-06-01,,,,,
CE,2023-06-02,,,,,
CE,2023-06-03,,,,,
CE,2023-06-04,,,,,
CE,2023-06-05,,,,,
CE,2023-06-06,,,,,
CE,2023-06-07,,,,,
CE,2023-06-08,,,,,
CE,2023-06-09,,,,,
CE,2023-06-10,,,,,
CE,2023-06-11,,,,,
CE,2023-06-12,,,,,
CE,2023-06-13,,,,,
CE,2023-06-14,,,,,
CE,2023-06-15,,,,,
CE,2023-06-16,,,,,
CE,2023-06-17,,,,,
CE,2023-06-18,,,,,
CE,2023-06-19,,,,,
CE,2023-06-20,,,,,
CE,2023-06-21,,,,,
CE,2023-06-22,,,,,
CE,2023-06-23,,,,,
CE,2023-06-24,,,,,
CE,2023-06-25,,,,,
CE,2023-06-26,,,,,
CE,2023-06-27,,,,,
CE,2023-06-28,,,,,
CE,2023-06-29,,,,,
CE,2023-06-30,,,,,
CE,2023-07-01,,,,,
CE,2023-07-02,,,,,
CE,2023-07-03,,,,,
CE,2023-07-04,,,,,
CE,2023-07-05,,,,,
CE,2023-07-06,,,,,
CE,2023-07-07,,,,,
CE,2023-07-08,,,,,
CE,2023-07-09,,,,,
CE,2023-07-10,,,,,
CE,2023-07-11,,,,,
CE,2023-07-12,,,,,
CE,2023-07-13,,,,,
CE,2023-07-14,,,,,
CE,2023-07-15,,,,,
CE,2023-07-16,,,,,
CE,2023-07-17,,,,,
CE,2023-07-18,,,,,
CE,2023-07-19,,,,,
CE,2023-07-20,,,,,
CE,2023-07-21,,,,,
CE,2023-07-22,,,,,
CE,2023-07-23,,,,,
CE,2023-07-24,,,,,
CE,2023-07-25,,,,,
CE,2023-07-26,,,,,
CE,2023-07-27,,,,,
CE,2023-07-28,,,,,
CE,2023-07-29,,,,,
CE,2023-07-30,,,,,
CE,2023-07-31,,,,,
CE,2023-08-01,,,,,
CE,2023-08-02,,,,,
CE,2023-08-03,,,,,
CE,2023-08-04,,,,,
CE,2023-08-05,,,,,
CE,2023-08-06,,,,,
CE,2023-08-07,,,,,
CE,2023-08-08,,,,,
CE,2023-08-09,,,,,
CE,2023-08-10,,,,,
CE,2023-08-11,,,,,
CE,2023-08-12,,,,,
CE,2023-08-13,,,,,
CE,2023-08-14,,,,,
CE,2023-08-15,,,,,
CE,2023-08-16,,,,,
CE,2023-08-17,,,,,
CE,2023-08-18,,,,,
CE,2023-08-19,,,,,
CE,2023-08-20,,,,,
CE,2023-08-21,,,,,
CE,2023-08-22,,,,,
CE,2023-08-23,,,,,
CE,2023-08-24,,,,,
CE,2023-08-25,,,,,
CE,2023-08-26,,,,,
CE,2023-08-27,,,,,
CE,2023-08-28,,,,,
CE,2023-08-29,,,,,
CE,2023-08-30,,,,,
CE,2023-08-31,,,,,
CE,2023-09-01,,,,,
CE,2023-09-02,,,,,
CE,2023-09-03,,,,,
CE,2023-09-04,,,,,
CE,2023-09-05,,,,,
CE,2023-09-06,,,,,
CE,2023-09-07,,,,,
CE,2023-09-08,,,,,
CE,2023-09-09,,,,,
CE,2023-09-10,,,,,
CE,2023-09-11,,,,,
CE,2023-09-12,,,,,
CE,2023-09-13,,,,,
CE,2023-09-14,,,,,
CE,2023-09-15,,,,,
CE,2023-09-16,,,,,
CE,2023-09-17,,,,,
CE,2023-09-18,,,,,
CE,2023-09-19,,,,,
CE,2023-09-20,,,,,
CE,2023-09-21,,,,,
CE,2023-09-22,,,,,
CE,2023-09-23,,,,,
CE,2023-09-24,,,,,
CE,2023-09-25,,,,,
CE,2023-09-26,,,,,
CE,2023-09-27,,,,,
CE,2023-09-28,,,,,
CE,2023-09-29,,,,,
CE,2023-09-30,,,,,
CE,2023-10-01,,,,,
CE,2023-10-02,,,,,
CE,2023-10-03,,,,,
CE,2023-10-04,,,,,
CE,2023-10-05,,,,,
CE,2023-10-06,,,,,
CE,2023-10-07,,,,,
CE,2023-10-08,,,,,
CE,2023-10-09,,,,,
CE,2023-10-10,,,,,
CE,2023-10-11,,,,,
CE,2023-10-12,,,,,
CE,2023-10-13,,,,,
CE,2023-10-14,,,,,
CE,2023-10-15,,,,,
CE,2023-10-16,,,,,
CE,2023-10-17,,,,,
CE,2023-10-18,,,,,
CE,2023-10-19,,,,,
CE,2023-10-20,,,,,
CE,2023-10-21,,,,,
CE,2023-10-22,,,,,
CE,2023-10-23,,,,,
CE,2023-10-24,,,,,
CE,2023-10-25,,,,,
CE,2023-10-26,,,,,
CE,2023-10-27,,,,,
CE,2023-10-28,,,,,
CE,2023-10-29,,,,,
CE,2023-10-30,,,,,
CE,2023-10-31,,,,,
CE,2023-11-01,,,,,
CE,2023-11-02,,,,,
CE,2023-11-03,,,,,
CE,2023-11-04,,,,,
CE,2023-11-05,,,,,
CE,2023-11-06,,,,,
CE,2023-11-07,,,,,
CE,2023-11-08,,,,,
CE,2023-11-09,,,,,
CE,2023-11-10,,,,,
CE,2023-11-11,,,,,
CE,2023-11-12,,,,,
CE,2023-11-13,,,,,
CE,2023-11-14,,,,,
CE,2023-11-15,,,,,
CE,2023-11-16,,,,,
CE,2023-11-17,,,,,
CE,2023-11-18,,,,,
CE,2023-11-19,,,,,
CE,2023-11-20,,,,,
CE,2023-11-21,,,,,
CE,2023-11-22,,,,,
CE,2023-11-23,,,,,
CE,2023-11-24,,,,,
CE,2023-11-25,,,,,
CE,2023-11-26,,,,,
CE,2023-11-27,,,,,
CE,2023-11-28,,,,,
CE,2023-11-29,,,,,
CE,2023-11-30,,,,,
CE,2023-12-01,,,,,
CE,2023-12-02,,,,,
CE,2023-12-03,,,,,
CE,2023-12-04,,,,,
CE,2023-12-05,,,,,
CE,2023-12-06,,,,,
CE,2023-12-07,,,,,
CE,2023-12-08,,,,,
CE,2023-12-09,,,,,
CE,2023-12-10,,,,,
CE,2023-12-11,,,,,
CE,2023-12-12,,,,,
CE,2023-12-13,,,,,
CE,2023-12-14,,,,,
CE,2023-12-15,,,,,
CE,2023-12-16,,,,,
CE,2023-12-17,,,,,
CE,2023-12-18,,,,,
CE,2023-12-19,,,,,
CE,2023-12-20,,,,,
CE,2023-12-21,,,,,
CE,2023-12-22,,,,,
CE,2023-12-23,,,,,
CE,2023-12-24,,,,,
CE,2023-12-25,,,,,
CE,2023-12-26,,,,,
CE,2023-12-27,,,,,
CE,2023-12-28,,,,,
CE,2023-12-29,,,,,
CE,2023-12-30,,,,,
CE,2023-12-31,,,,,
CE,2024-01-01,,42.0,22.0,33.0,42.0
CE,2024-01-02,,35.0,26.0,32.0,35.0
CE,2024-01-03,,40.0,27.0,33.0,40.0
CE,2024-01-04,,40.0,23.0,28.0,40.0
CE,2024-01-05,,43.0,23.0,30.0,43.0
CE,2024-01-06,,42.0,27.0,47.0,47.0
CE,2024-01-07,,27.0,30.0,40.0,40.0
CE,2024-01-08,,37.0,26.0,46.0,46.0
CE,2024-01-09,,40.0,20.0,21.0,40.0
CE,2024-01-10,,36.0,30.0,58.0,58.0
CE,2024-01-11,,37.0,33.0,50.0,50.0
CE,2024-01-12,,34.0,28.0,44.0,44.0
CE,2024-01-13,,40.0,25.0,49.0,49.0
CE,2024-01-14,,58.0,26.0,35.0,58.0
CE,2024-01-15,,32.0,25.0,31.0,32.0
CE,2024-01-16,,15.0,23.0,25.0,25.0
CE,2024-01-17,,30.0,22.0,35.0,35.0
CE,2024-01-18,,19.0,47.0,91.0,91.0
CE,2024-01-19,,50.0,38.0,56.0,56.0
CE,2024-01-20,,46.0,20.0,27.0,46.0
CE,2024-01-21,,19.0,25.0,26.0,26.0
CE,2024-01-22,,26.0,35.0,66.0,66.0
CE,2024-01-23,,27.0,39.0,58.0,58.0
CE,2024-01-24,,20.0,27.0,26.0,27.0
CE,2024-01-25,,35.0,25.0,25.0,35.0
CE,2024-01-26,,49.0,26.0,36.0,49.0
CE,2024-01-27,,44.0,25.0,20.0,44.0
CE,2024-01-28,,58.0,22.0,23.0,58.0
CE,2024-01-29,,44.0,26.0,38.0,44.0
CE,2024-01-30,,41.0,27.0,46.0,46.0
CE,2024-01-31,,41.0,27.0,44.0,44.0
CE,2024-02-01,,46.0,28.0,45.0,46.0
CE,2024-02-02,,84.0,28.0,42.0,84.0
CE,2024-02-03,,46.0,25.0,31.0,46.0
CE,2024-02-04,,48.0,26.0,31.0,48.0
CE,2024-02-05,,46.0,20.0,30.0,46.0
CE,2024-02-06,,46.0,23.0,31.0,46.0
CE,2024-02-07,,45.0,27.0,50.0,50.0
CE,2024-02-08,,54.0,31.0,47.0,54.0
CE,2024-02-09,,67.0,26.0,31.0,67.0
CE,2024-02-10,,48.0,27.0,34.0,48.0
CE,2024-02-11,,46.0,28.0,34.0,46.0
CE,2024-02-12,,43.0,23.0,23.0,43.0
CE,2024-02-13,,42.0,24.0,34.0,42.0
CE,2024-02-14,,37.0,28.0,39.0,39.0
CE,2024-02-15,,24.0,35.0,46.0,46.0
CE,2024-02-16,,18.0,32.0,36.0,36.0
CE,2024-02-17,,18.0,30.0,23.0,30.0
CE,2024-02-18,,33.0,23.0,18.0,33.0
CE,2024-02-19,,45.0,28.0,58.0,58.0
CE,2024-02-20,,77.0,28.0,57.0,77.0
CE,2024-02-21,,87.0,28.0,53.0,87.0
CE,2024-02-22,,71.0,30.0,54.0,71.0
CE,2024-02-23,,54.0,27.0,34.0,54.0
CE,2024-02-24,,64.0,25.0,37.0,64.0
CE,2024-02-25,,150.0,27.0,40.0,150.0
CE,2024-02-26,,202.0,32.0,49.0,202.0
CE,2024-02-27,,100.0,31.0,46.0,100.0
CE,2024-02-28,,47.0,28.0,46.0,47.0
CE,2024-02-29,,44.0,24.0,22.0,44.0
CE,2024-03-01,,84.0,30.0,47.0,84.0
CE,2024-03-02,,118.0,32.0,57.0,118.0
CE,2024-03-03,,126.0,28.0,42.0,126.0
CE,2024-03-04,,49.0,32.0,58.0,58.0
CE,2024-03-05,,108.0,30.0,41.0,108.0
CE,2024-03-06,,54.0,26.0,33.0,54.0
CE,2024-03-07,,118.0,26.0,35.0,118.0
CE,2024-03-08,,58.0,33.0,42.0,58.0
CE,2024-03-09,,48.0,26.0,28.0,48.0
CE,2024-03-10,,43.0,25.0,7.0,43.0
CE,2024-03-11,,44.0,28.0,26.0,44.0
CE,2024-03-12,,84.0,31.0,35.0,84.0
CE,2024-03-13,,108.0,35.0,53.0,108.0
CE,2024-03-14,,67.0,35.0,54.0,67.0
CE,2024-03-15,,64.0,33.0,30.0,64.0
CE,2024-03-16,,33.0,30.0,25.0,33.0
CE,2024-03-17,,39.0,30.0,18.0,39.0
CE,2024-03-18,,28.0,28.0,14.0,28.0
CE,2024-03-19,,43.0,28.0,26.0,43.0
CE,2024-03-20,,31.0,31.0,32.0,32.0
CE,2024-03-21,,84.0,33.0,50.0,84.0
CE,2024-03-22,,61.0,32.0,33.0,61.0
CE,2024-03-23,,58.0,27.0,27.0,58.0
CE,2024-03-24,,84.0,28.0,30.0,84.0
CE,2024-03-25,,71.0,30.0,28.0,71.0
CE,2024-03-26,,67.0,26.0,30.0,67.0
CE,2024-03-27,,104.0,27.0,15.0,104.0
CE,2024-03-28,,67.0,27.0,25.0,67.0
CE,2024-03-29,,90.0,28.0,27.0,90.0
CE,2024-03-30,,172.0,31.0,21.0,172.0
CE,2024-03-31,,115.0,28.0,20.0,115.0
CE,2024-04-01,,84.0,35.0,57.0,84.0
CE,2024-04-02,,74.0,32.0,36.0,74.0
CE,2024-04-03,,77.0,25.0,24.0,77.0
CE,2024-04-04,,80.0,32.0,37.0,80.0
CE,2024-04-05,,74.0,31.0,41.0,74.0
CE,2024-04-06,,140.0,31.0,45.0,140.0
CE,2024-04-07,,61.0,30.0,24.0,61.0
CE,2024-04-08,,47.0,31.0,30.0,47.0
CE,2024-04-09,,74.0,33.0,31.0,74.0
CE,2024-04-10,,80.0,27.0,26.0,80.0
CE,2024-04-11,,90.0,25.0,18.0,90.0
CE,2024-04-12,,67.0,27.0,35.0,67.0
CE,2024-04-13,,87.0,30.0,28.0,87.0
CE,2024-04-14,,154.0,30.0,34.0,154.0
CE,2024-04-15,,112.0,33.0,38.0,112.0
CE,2024-04-16,,50.0,32.0,22.0,50.0
CE,2024-04-17,,40.0,31.0,25.0,40.0
CE,2024-04-18,,50.0,34.0,35.0,50.0
CE,2024-04-19,,67.0,32.0,29.0,67.0
CE,2024-04-20,,44.0,30.0,20.0,44.0
CE,2024-04-21,,37.0,25.0,13.0,37.0
CE,2024-04-22,,39.0,27.0,20.0,39.0
CE,2024-04-23,,36.0,31.0,25.0,36.0
CE,2024-04-24,,44.0,30.0,17.0,44.0
CE,2024-04-25,,43.0,30.0,17.0,43.0
CE,2024-04-26,,122.0,32.0,25.0,122.0
CE,2024-04-27,,122.0,32.0,24.0,122.0
CE,2024-04-28,,77.0,31.0,17.0,77.0
CE,2024-04-29,,71.0,31.0,24.0,71.0
CE,2024-04-30,,44.0,30.0,15.0,44.0
CE,2024-05-01,,54.0,31.0,16.0,54.0
CE,2024-05-02,,100.0,34.0,27.0,100.0
CE,2024-05-03,,49.0,32.0,26.0,49.0
CE,2024-05-04,,43.0,32.0,22.0,43.0
CE,2024-05-05,,104.0,31.0,15.0,104.0
CE,2024-05-06,,108.0,33.0,25.0,108.0
CE,2024-05-07,,172.0,34.0,42.0,172.0
CE,2024-05-08,,203.0,35.0,48.0,203.0
CE,2024-05-09,,140.0,32.0,55.0,140.0
CE,2024-05-10,,101.0,34.0,34.0,101.0
CE,2024-05-11,,44.0,34.0,15.0,44.0
CE,2024-05-12,,97.0,34.0,20.0,97.0
CE,2024-05-13,,61.0,38.0,42.0,61.0
CE,2024-05-14,,93.0,33.0,33.0,93.0
CE,2024-05-15,,58.0,33.0,25.0,58.0
CE,2024-05-16,,200.0,35.0,23.0,200.0
CE,2024-05-17,,146.0,34.0,27.0,146.0
CE,2024-05-18,,151.0,34.0,37.0,151.0
CE,2024-05-19,,80.0,33.0,22.0,80.0
CE,2024-05-20,,87.0,35.0,29.0,87.0
CE,2024-05-21,,84.0,11.0,29.0,84.0
CE,2024-05-22,,154.0,11.0,29.0,154.0
CE,2024-05-23,,185.0,24.0,25.0,185.0
CE,2024-05-24,,156.0,31.0,34.0,156.0
CE,2024-05-25,,129.0,14.0,30.0,129.0
CE,2024-05-26,,129.0,12.0,21.0,129.0
CE,2024-05-27,,46.0,15.0,26.0,46.0
CE,2024-05-28,,100.0,15.0,32.0,100.0
CE,2024-05-29,,49.0,31.0,12.0,49.0
CE,2024-05-30,,44.0,26.0,25.0,44.0
CE,2024-05-31,,51.0,11.0,19.0,51.0
CE,2024-06-01,,46.0,12.0,14.0,46.0
CE,2024-06-02,,41.0,12.0,25.0,41.0
CE,2024-06-03,,84.0,15.0,28.0,84.0
CE,2024-06-04,,108.0,16.0,32.0,108.0
CE,2024-06-05,,161.0,14.0,45.0,161.0
CE,2024-06-06,,61.0,11.0,14.0,61.0
CE,2024-06-07,,87.0,17.0,24.0,87.0
CE,2024-06-08,,54.0,22.0,25.0,54.0
CE,2024-06-09,,132.0,23.0,30.0,132.0
CE,2024-06-10,,49.0,25.0,25.0,49.0
CE,2024-06-11,,90.0,27.0,31.0,90.0
CE,2024-06-12,,47.0,26.0,29.0,47.0
CE,2024-06-13,,45.0,9.0,24.0,45.0
CE,2024-06-14,,46.0,9.0,25.0,46.0
CE,2024-06-15,,37.0,7.0,18.0,37.0
CE,2024-06-16,,37.0,7.0,12.0,37.0
CE,2024-06-17,,35.0,7.0,9.0,35.0
CE,2024-06-18,,41.0,6.0,8.0,41.0
CE,2024-06-19,,28.0,7.0,11.0,28.0
CE,2024-06-20,,27.0,6.0,12.0,27.0
CE,2024-06-21,,25.0,6.0,24.0,25.0
CE,2024-06-22,,23.0,8.0,23.0,23.0
CE,2024-06-23,,31.0,8.0,21.0,31.0
CE,2024-06-24,,38.0,7.0,24.0,38.0
CE,2024-06-25,,32.0,7.0,17.0,32.0
CE,2024-06-26,,67.0,8.0,19.0,67.0
CE,2024-06-27,,38.0,7.0,21.0,38.0
CE,2024-06-28,,43.0,8.0,20.0,43.0
CE,2024-06-29,,35.0,7.0,15.0,35.0
CE,2024-06-30,,20.0,5.0,9.0,20.0
CE,2024-07-01,,19.0,6.0,15.0,19.0
CE,2024-07-02,,31.0,7.0,20.0,31.0
CE,2024-07-03,,37.0,7.0,16.0,37.0
CE,2024-07-04,,67.0,7.0,24.0,67.0
CE,2024-07-05,,77.0,7.0,19.0,77.0
CE,2024-07-06,,40.0,6.0,21.0,40.0
CE,2024-07-07,,44.0,6.0,20.0,44.0
CE,2024-07-08,,87.0,7.0,33.0,87.0
CE,2024-07-09,,49.0,9.0,34.0,49.0
CE,2024-07-10,,31.0,7.0,26.0,31.0
CE,2024-07-11,,25.0,8.0,20.0,25.0
CE,2024-07-12,,23.0,6.0,14.0,23.0
CE,2024-07-13,,29.0,6.0,13.0,29.0
CE,2024-07-14,,44.0,6.0,13.0,44.0
CE,2024-07-15,,61.0,7.0,20.0,61.0
CE,2024-07-16,,77.0,7.0,21.0,77.0
CE,2024-07-17,,44.0,7.0,18.0,44.0
CE,2024-07-18,,39.0,8.0,24.0,39.0
CE,2024-07-19,,42.0,9.0,22.0,42.0
CE,2024-07-20,,40.0,9.0,24.0,40.0
CE,2024-07-21,,42.0,7.0,17.0,42.0
CE,2024-07-22,,33.0,7.0,20.0,33.0
CE,2024-07-23,,43.0,7.0,18.0,43.0
CE,2024-07-24,,25.0,9.0,23.0,25.0
CE,2024-07-25,,31.0,9.0,31.0,31.0
CE,2024-07-26,,41.0,11.0,47.0,47.0
CE,2024-07-27,,100.0,9.0,18.0,100.0
CE,2024-07-28,,45.0,6.0,17.0,45.0
CE,2024-07-29,,36.0,7.0,15.0,36.0
CE,2024-07-30,,21.0,6.0,,21.0
CE,2024-07-31,,,,,
CE,2024-08-01,,,,,
CE,2024-08-02,,,,,
CE,2024-08-03,,,,,
CE,2024-08-04,,,,,
CE,2024-08-05,,,,,
CE,2024-08-06,,,,,
CE,2024-08-07,,,,,
CE,2024-08-08,,,,,
CE,2024-08-09,,,,,
CE,2024-08-10,,,,,
CE,2024-08-11,,,,,
CE,2024-08-12,,,,,
CE,2024-08-13,,,,,
CE,2024-08-14,,,,,
CE,2024-08-15,,,,,
CE,2024-08-16,,,,,
CE,2024-08-17,,,,,
CE,2024-08-18,,,,,
CE,2024-08-19,,,,,
CE,2024-08-20,,,,,
CE,2024-08-21,,,,,
CE,2024-08-22,,,,,
CE,2024-08-23,,,,,
CE,2024-08-24,,,,,
CE,2024-08-25,,,,,
CE,2024-08-26,,,,,
CE,2024-08-27,,,,,
CE,2024-08-28,,,,,
CE,2024-08-29,,,,,
CE,2024-08-30,,,,,
CE,2024-08-31,,,,,
CE,2024-09-01,,,,,
CE,2024-09-02,,,,,
CE,2024-09-03,,,,,
CE,2024-09-04,,,,,
CE,2024-09-05,,,,,
CE,2024-09-06,,,,,
CE,2024-09-07,,,,,
CE,2024-09-08,,,,,
CE,2024-09-09,,,,,
CE,2024-09-10,,,,,
CE,2024-09-11,,,,,
CE,2024-09-12,,,,,
CE,2024-09-13,,,,,
CE,2024-09-14,,,,,
CE,2024-09-15,,,,,
CE,2024-09-16,,,,,
CE,2024-09-17,,,,,
CE,2024-09-18,,,,,
CE,2024-09-19,,,,,
CE,2024-09-20,,,,,
CE,2024-09-21,,,,,
CE,2024-09-22,,,,,
CE,2024-09-23,,,,,
CE,2024-09-24,,,,,
CE,2024-09-25,,,,,
CE,2024-09-26,,,,,
CE,2024-09-27,,,,,
CE,2024-09-28,,,,,
CE,2024-09-29,,,,,
CE,2024-09-30,,,,,
CE,2024-10-01,,,,,
CE,2024-10-02,,,,,
CE,2024-10-03,,,,,
CE,2024-10-04,,,,,
CE,2024-10-05,,,,,
CE,2024-10-06,,,,,
CE,2024-10-07,,,,,
CE,2024-10-08,,,,,
CE,2024-10-09,,,,,
CE,2024-10-10,,,,,
CE,2024-10-11,,,,,
CE,2024-10-12,,,,,
CE,2024-10-13,,,,,
CE,2024-10-14,,,,,
CE,2024-10-15,,,,,
CE,2024-10-16,,,,,
CE,2024-10-17,,,,,
CE,2024-10-18,,,,,
CE,2024-10-19,,,,,
CE,2024-10-20,,,,,
CE,2024-10-21,,,,,
CE,2024-10-22,,,,,
CE,2024-10-23,,,,,
CE,2024-10-24,,,,,
CE,2024-10-25,,,,,
CE,2024-10-26,,,,,
CE,2024-10-27,,,,,
CE,2024-10-28,,,,,
CE,2024-10-29,,,,,
CE,2024-10-30,,,,,
CE,2024-10-31,,,,,
CE,2024-11-01,,,,,
CE,2024-11-02,,,,,
CE,2024-11-03,,,,,
CE,2024-11-04,,,,,
CE,2024-11-05,,,,,
CE,2024-11-06,,,,,
CE,2024-11-07,,,,,
CE,2024-11-08,,,,,
CE,2024-11-09,,,,,
CE,2024-11-10,,,,,
CE,2024-11-11,,,,,
CE,2024-11-12,,,,,
CE,2024-11-13,,,,,
CE,2024-11-14,,,,,
CE,2024-11-15,,,,,
CE,2024-11-16,,,,,
CE,2024-11-17,,,,,
CE,2024-11-18,,,,,
CE,2024-11-19,,,,,
CE,2024-11-20,,,,,
CE,2024-11-21,,,,,
CE,2024-11-22,,,,,
CE,2024-11-23,,,,,
CE,2024-11-24,,,,,
CE,2024-11-25,,,,,
CE,2024-11-26,,,,,
CE,2024-11-27,,,,,
CE,2024-11-28,,,,,
CE,2024-11-29,,,,,
CE,2024-11-30,,,,,
CE,2024-12-01,,,,,
CE,2024-12-02,,,,,
CE,2024-12-03,,,,,
CE,2024-12-04,,,,,
CE,2024-12-05,,,,,
CE,2024-12-06,,,,,
CE,2024-12-07,,,,,
CE,2024-12-08,,,,,
CE,2024-12-09,,,,,
CE,2024-12-10,,,,,
CE,2024-12-11,,,,,
CE,2024-12-12,,,,,
CE,2024-12-13,,,,,
CE,2024-12-14,,,,,
CE,2024-12-15,,,,,
CE,2024-12-16,,,,,
CE,2024-12-17,,,,,
CE,2024-12-18,,,,,
CE,2024-12-19,,,,,
CE,2024-12-20,,,,,
CE,2024-12-21,,,,,
CE,2024-12-22,,,,,
CE,2024-12-23,,,,,
CE,2024-12-24,,,,,
CE,2024-12-25,,,,,
CE,2024-12-26,,,,,
CE,2024-12-27,,,,,
CE,2024-12-28,,,,,
CE,2024-12-29,,,,,
CE,2024-12-30,,,,,
CE,2024-12-31,,,,,
CE,2025-01-01,,41.0,24.0,21.0,41.0
CE,2025-01-02,,28.0,30.0,36.0,36.0
CE,2025-01-03,,27.0,31.0,44.0,44.0
CE,2025-01-04,,32.0,30.0,46.0,46.0
CE,2025-01-05,,37.0,31.0,44.0,44.0
CE,2025-01-06,,30.0,23.0,17.0,30.0
CE,2025-01-07,,32.0,20.0,27.0,32.0
CE,2025-01-08,,31.0,23.0,28.0,31.0
CE,2025-01-09,,19.0,27.0,30.0,30.0
CE,2025-01-10,,12.0,25.0,28.0,28.0
CE,2025-01-11,,26.0,24.0,25.0,26.0
CE,2025-01-12,,33.0,30.0,34.0,34.0
CE,2025-01-13,,37.0,23.0,29.0,37.0
CE,2025-01-14,,36.0,26.0,46.0,46.0
CE,2025-01-15,,18.0,27.0,38.0,38.0
CE,2025-01-16,,21.0,25.0,35.0,35.0
CE,2025-01-17,,19.0,31.0,55.0,55.0
CE,2025-01-18,,44.0,33.0,49.0,49.0
CE,2025-01-19,,37.0,25.0,37.0,37.0
CE,2025-01-20,,32.0,23.0,28.0,32.0
CE,2025-01-21,,19.0,23.0,25.0,25.0
CE,2025-01-22,,29.0,26.0,34.0,34.0
CE,2025-01-23,,37.0,31.0,38.0,38.0
CE,2025-01-24,,46.0,26.0,35.0,46.0
CE,2025-01-25,,42.0,31.0,58.0,58.0
CE,2025-01-26,,61.0,35.0,49.0,61.0
CE,2025-01-27,,32.0,31.0,34.0,34.0
CE,2025-01-28,,12.0,31.0,20.0,31.0
CE,2025-01-29,,26.0,35.0,50.0,50.0
CE,2025-01-30,,29.0,35.0,43.0,43.0
CE,2025-01-31,,44.0,33.0,50.0,50.0
CE,2025-02-01,,44.0,31.0,47.0,47.0
CE,2025-02-02,,126.0,33.0,44.0,126.0
CE,2025-02-03,,143.0,33.0,40.0,143.0
CE,2025-02-04,,49.0,35.0,33.0,49.0
CE,2025-02-05,,50.0,35.0,41.0,50.0
CE,2025-02-06,,126.0,38.0,41.0,126.0
CE,2025-02-07,,90.0,39.0,72.0,90.0
CE,2025-02-08,,129.0,38.0,42.0,129.0
CE,2025-02-09,,51.0,36.0,44.0,51.0
CE,2025-02-10,,38.0,35.0,34.0,38.0
CE,2025-02-11,,41.0,38.0,32.0,41.0
CE,2025-02-12,,48.0,38.0,39.0,48.0
CE,2025-02-13,,34.0,34.0,25.0,34.0
CE,2025-02-14,,8.0,40.0,36.0,40.0
CE,2025-02-15,,29.0,48.0,86.0,86.0
CE,2025-02-16,,47.0,34.0,28.0,47.0
CE,2025-02-17,,36.0,35.0,43.0,43.0
CE,2025-02-18,,51.0,41.0,96.0,96.0
CE,2025-02-19,,30.0,10.0,53.0,53.0
CE,2025-02-20,,21.0,7.0,21.0,21.0
CE,2025-02-21,,26.0,7.0,36.0,36.0
CE,2025-02-22,,11.0,,27.0,27.0
CE,2025-02-23,,44.0,,42.0,44.0
CE,2025-02-24,,100.0,7.0,68.0,100.0
CE,2025-02-25,,84.0,11.0,54.0,84.0
CE,2025-02-26,,140.0,14.0,47.0,140.0
CE,2025-02-27,,46.0,12.0,49.0,49.0
CE,2025-02-28,,37.0,10.0,33.0,37.0
CE,2025-03-01,,80.0,12.0,45.0,80.0
CE,2025-03-02,,42.0,11.0,25.0,42.0
CE,2025-03-03,,45.0,14.0,33.0,45.0
CE,2025-03-04,,30.0,11.0,35.0,35.0
CE,2025-03-05,,,24.0,49.0,49.0
CE,2025-03-06,,48.0,11.0,36.0,48.0
CE,2025-03-07,,80.0,19.0,58.0,80.0
CE,2025-03-08,,50.0,16.0,50.0,50.0
CE,2025-03-09,,50.0,12.0,16.0,50.0
CE,2025-03-10,,61.0,15.0,35.0,61.0
CE,2025-03-11,,166.0,18.0,55.0,166.0
CE,2025-03-12,,80.0,16.0,50.0,80.0
CE,2025-03-13,,97.0,16.0,42.0,97.0
CE,2025-03-14,,54.0,17.0,43.0,54.0
CE,2025-03-15,,71.0,5.0,24.0,71.0
CE,2025-03-16,,74.0,6.0,14.0,74.0
CE,2025-03-17,,64.0,11.0,37.0,64.0
CE,2025-03-18,,97.0,12.0,55.0,97.0
CE,2025-03-19,,44.0,11.0,41.0,44.0
CE,2025-03-20,,44.0,8.0,15.0,44.0
CE,2025-03-21,,61.0,12.0,43.0,61.0
CE,2025-03-22,,84.0,16.0,41.0,84.0
CE,2025-03-23,,108.0,16.0,39.0,108.0
CE,2025-03-24,,51.0,16.0,28.0,51.0
CE,2025-03-25,,37.0,15.0,21.0,37.0
CE,2025-03-26,,30.0,18.0,24.0,30.0
CE,2025-03-27,,22.0,18.0,25.0,25.0
CE,2025-03-28,,122.0,17.0,32.0,122.0
CE,2025-03-29,,159.0,18.0,46.0,159.0
CE,2025-03-30,,51.0,17.0,30.0,51.0
CE,2025-03-31,,101.0,17.0,30.0,101.0
CE,2025-04-01,,47.0,17.0,28.0,47.0
CE,2025-04-02,,156.0,18.0,41.0,156.0
CE,2025-04-03,,126.0,17.0,40.0,126.0
CE,2025-04-04,,122.0,18.0,44.0,122.0
CE,2025-04-05,,49.0,17.0,24.0,49.0
CE,2025-04-06,,43.0,14.0,12.0,43.0
CE,2025-04-07,,54.0,15.0,25.0,54.0
CE,2025-04-08,,126.0,14.0,29.0,126.0
CE,2025-04-09,,156.0,17.0,56.0,156.0
CE,2025-04-10,,122.0,16.0,53.0,122.0
CE,2025-04-11,,84.0,17.0,39.0,84.0
CE,2025-04-12,,84.0,16.0,38.0,84.0
CE,2025-04-13,,122.0,15.0,31.0,122.0
CE,2025-04-14,,90.0,18.0,44.0,90.0
CE,2025-04-15,,50.0,16.0,25.0,50.0
CE,2025-04-16,,54.0,15.0,12.0,54.0
CE,2025-04-17,,87.0,16.0,28.0,87.0
CE,2025-04-18,,112.0,16.0,31.0,112.0
CE,2025-04-19,,50.0,16.0,16.0,50.0
CE,2025-04-20,,71.0,15.0,17.0,71.0
CE,2025-04-21,,87.0,15.0,37.0,87.0
CE,2025-04-22,,34.0,16.0,13.0,34.0
CE,2025-04-23,,33.0,17.0,18.0,33.0
CE,2025-04-24,,36.0,17.0,20.0,36.0
CE,2025-04-25,,31.0,17.0,14.0,31.0
CE,2025-04-26,,31.0,17.0,14.0,31.0
CE,2025-04-27,,50.0,16.0,16.0,50.0
CE,2025-04-28,,47.0,17.0,18.0,47.0
CE,2025-04-29,,46.0,17.0,21.0,46.0
CE,2025-04-30,,112.0,18.0,25.0,112.0
CE,2025-05-01,,46.0,18.0,20.0,46.0
CE,2025-05-02,,64.0,18.0,25.0,64.0
CE,2025-05-03,,37.0,17.0,24.0,37.0
CE,2025-05-04,,30.0,9.0,26.0,30.0
CE,2025-05-05,,38.0,9.0,12.0,38.0
CE,2025-05-06,,122.0,11.0,23.0,122.0
CE,2025-05-07,,61.0,10.0,26.0,61.0
CE,2025-05-08,,40.0,10.0,12.0,40.0
CE,2025-05-09,,49.0,9.0,28.0,49.0
CE,2025-05-10,,67.0,9.0,27.0,67.0
CE,2025-05-11,,97.0,8.0,22.0,97.0
CE,2025-05-12,,179.0,9.0,36.0,179.0
CE,2025-05-13,,204.0,15.0,60.0,204.0
CE,2025-05-14,,206.0,14.0,72.0,206.0
CE,2025-05-15,,206.0,14.0,42.0,206.0
CE,2025-05-16,,136.0,16.0,43.0,136.0
CE,2025-05-17,,42.0,16.0,30.0,42.0
CE,2025-05-18,,80.0,12.0,16.0,80.0
CE,2025-05-19,,161.0,12.0,24.0,161.0
CE,2025-05-20,,47.0,12.0,25.0,47.0
CE,2025-05-21,,40.0,12.0,24.0,40.0
CE,2025-05-22,,108.0,11.0,26.0,108.0
CE,2025-05-23,,49.0,12.0,15.0,49.0
CE,2025-05-24,,97.0,14.0,24.0,97.0
CE,2025-05-25,,74.0,11.0,14.0,74.0
CE,2025-05-26,,118.0,14.0,25.0,118.0
CE,2025-05-27,,44.0,12.0,27.0,44.0
CE,2025-05-28,,37.0,12.0,16.0,37.0
CE,2025-05-29,,112.0,12.0,19.0,112.0
CE,2025-05-30,,40.0,16.0,27.0,40.0
CE,2025-05-31,,42.0,15.0,23.0,42.0
CE,2025-06-01,,67.0,15.0,26.0,67.0
CE,2025-06-02,,44.0,15.0,25.0,44.0
CE,2025-06-03,,97.0,15.0,16.0,97.0
CE,2025-06-04,,44.0,15.0,24.0,44.0
CE,2025-06-05,,34.0,14.0,14.0,34.0
CE,2025-06-06,,37.0,14.0,15.0,37.0
CE,2025-06-07,,77.0,14.0,18.0,77.0
CE,2025-06-08,,64.0,14.0,19.0,64.0
CE,2025-06-09,,74.0,15.0,21.0,74.0
CE,2025-06-10,,38.0,19.0,13.0,38.0
CE,2025-06-11,,51.0,20.0,20.0,51.0
CE,2025-06-12,,108.0,20.0,18.0,108.0
CE,2025-06-13,,58.0,20.0,23.0,58.0
CE,2025-06-14,,44.0,17.0,12.0,44.0
CE,2025-06-15,,39.0,16.0,10.0,39.0
CE,2025-06-16,,50.0,18.0,20.0,50.0
CE,2025-06-17,,44.0,16.0,19.0,44.0
CE,2025-06-18,,44.0,16.0,24.0,44.0
CE,2025-06-19,,32.0,15.0,9.0,32.0
CE,2025-06-20,,31.0,15.0,9.0,31.0
CE,2025-06-21,,25.0,15.0,7.0,25.0
CE,2025-06-22,,28.0,14.0,7.0,28.0
CE,2025-06-23,,29.0,14.0,10.0,29.0
CE,2025-06-24,,31.0,14.0,11.0,31.0
CE,2025-06-25,,37.0,15.0,12.0,37.0
CE,2025-06-26,,40.0,15.0,15.0,40.0
CE,2025-06-27,,37.0,15.0,10.0,37.0
CE,2025-06-28,,38.0,15.0,10.0,38.0
CE,2025-06-29,,29.0,14.0,5.0,29.0
CE,2025-06-30,,22.0,15.0,14.0,22.0
NE,2020-01-01,96.0,,,,96.0
NE,2020-01-02,57.0,,,,57.0
NE,2020-01-03,40.0,,,,40.0
NE,2020-01-04,63.0,,,,63.0
NE,2020-01-05,119.0,,,,119.0
NE,2020-01-06,117.0,,,,117.0
NE,2020-01-07,41.0,,,,41.0
NE,2020-01-08,56.0,,,,56.0
NE,2020-01-09,103.0,,,,103.0
NE,2020-01-10,115.0,,,,115.0
NE,2020-01-11,40.0,,,,40.0
NE,2020-01-12,77.0,,,,77.0
NE,2020-01-13,111.0,,,,111.0
NE,2020-01-14,139.0,,,,139.0
NE,2020-01-15,137.0,,,,137.0
NE,2020-01-16,79.0,,,,79.0
NE,2020-01-17,62.0,,,,62.0
NE,2020-01-18,72.0,,,,72.0
NE,2020-01-19,36.0,,,,36.0
NE,2020-01-20,37.0,,,,37.0
NE,2020-01-21,38.0,,,,38.0
NE,2020-01-22,77.0,,,,77.0
NE,2020-01-23,89.0,,,,89.0
NE,2020-01-24,53.0,,,,53.0
NE,2020-01-25,87.0,,,,87.0
NE,2020-01-26,93.0,,,,93.0
NE,2020-01-27,64.0,,,,64.0
NE,2020-01-28,54.0,,,,54.0
NE,2020-01-29,46.0,,,,46.0
NE,2020-01-30,62.0,,,,62.0
NE,2020-01-31,79.0,,,,79.0
NE,2020-02-01,72.0,,,,72.0
NE,2020-02-02,99.0,,,,99.0
NE,2020-02-03,97.0,,,,97.0
NE,2020-02-04,85.0,,,,85.0
NE,2020-02-05,54.0,,,,54.0
NE,2020-02-06,49.0,,,,49.0
NE,2020-02-07,78.0,,,,78.0
NE,2020-02-08,63.0,,,,63.0
NE,2020-02-09,89.0,,,,89.0
NE,2020-02-10,86.0,,,,86.0
NE,2020-02-11,66.0,,,,66.0
NE,2020-02-12,71.0,,,,71.0
NE,2020-02-13,64.0,,,,64.0
NE,2020-02-14,70.0,,,,70.0
NE,2020-02-15,88.0,,,,88.0
NE,2020-02-16,149.0,,,,149.0
NE,2020-02-17,79.0,,,,79.0
NE,2020-02-18,77.0,,,,77.0
NE,2020-02-19,55.0,,,,55.0
NE,2020-02-20,41.0,,,,41.0
NE,2020-02-21,60.0,,,,60.0
NE,2020-02-22,53.0,,,,53.0
NE,2020-02-23,92.0,,,,92.0
NE,2020-02-24,85.0,,,,85.0
NE,2020-02-25,50.0,,,,50.0
NE,2020-02-26,26.0,,,,26.0
NE,2020-02-27,46.0,,,,46.0
NE,2020-02-28,59.0,,,,59.0
NE,2020-02-29,,,,,
NE,2020-03-01,78.0,,,,78.0
NE,2020-03-02,65.0,,,,65.0
NE,2020-03-03,96.0,,,,96.0
NE,2020-03-04,62.0,,,,62.0
NE,2020-03-05,20.0,,,,20.0
NE,2020-03-06,52.0,,,,52.0
NE,2020-03-07,42.0,,,,42.0
NE,2020-03-08,64.0,,,,64.0
NE,2020-03-09,63.0,,,,63.0
NE,2020-03-10,68.0,,,,68.0
NE,2020-03-11,76.0,,,,76.0
NE,2020-03-12,68.0,,,,68.0
NE,2020-03-13,72.0,,,,72.0
NE,2020-03-14,97.0,,,,97.0
NE,2020-03-15,74.0,,,,74.0
NE,2020-03-16,57.0,,,,57.0
NE,2020-03-17,64.0,,,,64.0
NE,2020-03-18,64.0,,,,64.0
NE,2020-03-19,71.0,,,,71.0
NE,2020-03-20,59.0,,,,59.0
NE,2020-03-21,60.0,,,,60.0
NE,2020-03-22,68.0,,,,68.0
NE,2020-03-23,80.0,,,,80.0
NE,2020-03-24,67.0,,,,67.0
NE,2020-03-25,72.0,,,,72.0
NE,2020-03-26,87.0,,,,87.0
NE,2020-03-27,75.0,,,,75.0
NE,2020-03-28,74.0,,,,74.0
NE,2020-03-29,59.0,,,,59.0
NE,2020-03-30,77.0,,,,77.0
NE,2020-03-31,60.0,,,,60.0
NE,2020-04-01,62.0,,,,62.0
NE,2020-04-02,76.0,,,,76.0
NE,2020-04-03,79.0,,,,79.0
NE,2020-04-04,49.0,,,,49.0
NE,2020-04-05,62.0,,,,62.0
NE,2020-04-06,65.0,,,,65.0
NE,2020-04-07,66.0,,,,66.0
NE,2020-04-08,75.0,,,,75.0
NE,2020-04-09,76.0,,,,76.0
NE,2020-04-10,65.0,,,,65.0
NE,2020-04-11,79.0,,,,79.0
NE,2020-04-12,63.0,,,,63.0
NE,2020-04-13,52.0,,,,52.0
NE,2020-04-14,60.0,,,,60.0
NE,2020-04-15,59.0,,,,59.0
NE,2020-04-16,43.0,,,,43.0
NE,2020-04-17,66.0,,,,66.0
NE,2020-04-18,66.0,,,,66.0
NE,2020-04-19,66.0,,,,66.0
NE,2020-04-20,68.0,,,,68.0
NE,2020-04-21,133.0,,,,133.0
NE,2020-04-22,131.0,,,,131.0
NE,2020-04-23,81.0,,,,81.0
NE,2020-04-24,107.0,,,,107.0
NE,2020-04-25,113.0,,,,113.0
NE,2020-04-26,61.0,,,,61.0
NE,2020-04-27,63.0,,,,63.0
NE,2020-04-28,82.0,,,,82.0
NE,2020-04-29,58.0,,,,58.0
NE,2020-04-30,56.0,,,,56.0
NE,2020-05-01,39.0,,,,39.0
NE,2020-05-02,66.0,,,,66.0
NE,2020-05-03,66.0,,,,66.0
NE,2020-05-04,75.0,,,,75.0
NE,2020-05-05,99.0,,,,99.0
NE,2020-05-06,52.0,,,,52.0
NE,2020-05-07,60.0,,,,60.0
NE,2020-05-08,65.0,,,,65.0
NE,2020-05-09,55.0,,,,55.0
NE,2020-05-10,83.0,,,,83.0
NE,2020-05-11,47.0,,,,47.0
NE,2020-05-12,56.0,,,,56.0
NE,2020-05-13,61.0,,,,61.0
NE,2020-05-14,65.0,,,,65.0
NE,2020-05-15,105.0,,,,105.0
NE,2020-05-16,84.0,,,,84.0
NE,2020-05-17,62.0,,,,62.0
NE,2020-05-18,57.0,,,,57.0
NE,2020-05-19,68.0,,,,68.0
NE,2020-05-20,87.0,,,,87.0
NE,2020-05-21,117.0,,,,117.0
NE,2020-05-22,78.0,,,,78.0
NE,2020-05-23,78.0,,,,78.0
NE,2020-05-24,68.0,,,,68.0
NE,2020-05-25,70.0,,,,70.0
NE,2020-05-26,47.0,,,,47.0
NE,2020-05-27,61.0,,,,61.0
NE,2020-05-28,67.0,,,,67.0
NE,2020-05-29,45.0,,,,45.0
NE,2020-05-30,68.0,,,,68.0
NE,2020-05-31,57.0,,,,57.0
NE,2020-06-01,40.0,,,,40.0
NE,2020-06-02,42.0,,,,42.0
NE,2020-06-03,50.0,,,,50.0
NE,2020-06-04,51.0,,,,51.0
NE,2020-06-05,56.0,,,,56.0
NE,2020-06-06,53.0,,,,53.0
NE,2020-06-07,44.0,,,,44.0
NE,2020-06-08,54.0,,,,54.0
NE,2020-06-09,68.0,,,,68.0
NE,2020-06-10,55.0,,,,55.0
NE,2020-06-11,60.0,,,,60.0
NE,2020-06-12,60.0,,,,60.0
NE,2020-06-13,63.0,,,,63.0
NE,2020-06-14,60.0,,,,60.0
NE,2020-06-15,53.0,,,,53.0
NE,2020-06-16,31.0,,,,31.0
NE,2020-06-17,,,,,
NE,2020-06-18,,,,,
NE,2020-06-19,,,,,
NE,2020-06-20,,,,,
NE,2020-06-21,,,,,
NE,2020-06-22,,,,,
NE,2020-06-23,,,,,
NE,2020-06-24,,,,,
NE,2020-06-25,,,,,
NE,2020-06-26,,,,,
NE,2020-06-27,,,,,
NE,2020-06-28,,,,,
NE,2020-06-29,,,,,
NE,2020-06-30,,,,,
NE,2020-07-01,,,,,
NE,2020-07-02,,,,,
NE,2020-07-03,,,,,
NE,2020-07-04,65.0,,,,65.0
NE,2020-07-05,64.0,,,,64.0
NE,2020-07-06,64.0,,,,64.0
NE,2020-07-07,76.0,,,,76.0
NE,2020-07-08,80.0,,,,80.0
NE,2020-07-09,81.0,,,,81.0
NE,2020-07-10,73.0,,,,73.0
NE,2020-07-11,56.0,,,,56.0
NE,2020-07-12,58.0,,,,58.0
NE,2020-07-13,64.0,,,,64.0
NE,2020-07-14,74.0,,,,74.0
NE,2020-07-15,84.0,,,,84.0
NE,2020-07-16,80.0,,,,80.0
NE,2020-07-17,87.0,,,,87.0
NE,2020-07-18,79.0,,,,79.0
NE,2020-07-19,80.0,,,,80.0
NE,2020-07-20,70.0,,,,70.0
NE,2020-07-21,64.0,,,,64.0
NE,2020-07-22,58.0,,,,58.0
NE,2020-07-23,42.0,,,,42.0
NE,2020-07-24,53.0,,,,53.0
NE,2020-07-25,47.0,,,,47.0
NE,2020-07-26,23.0,,,,23.0
NE,2020-07-27,52.0,,,,52.0
NE,2020-07-28,52.0,,,,52.0
NE,2020-07-29,46.0,,,,46.0
NE,2020-07-30,,,,,
NE,2020-07-31,,,,,
NE,2020-08-01,,,,,
NE,2020-08-02,,,,,
NE,2020-08-03,,,,,
NE,2020-08-04,,,,,
NE,2020-08-05,,,,,
NE,2020-08-06,,,,,
NE,2020-08-07,,,,,
NE,2020-08-08,,,,,
NE,2020-08-09,,,,,
NE,2020-08-10,,,,,
NE,2020-08-11,,,,,
NE,2020-08-12,,,,,
NE,2020-08-13,,,,,
NE,2020-08-14,,,,,
NE,2020-08-15,,,,,
NE,2020-08-16,,,,,
NE,2020-08-17,,,,,
NE,2020-08-18,,,,,
NE,2020-08-19,,,,,
NE,2020-08-20,,,,,
NE,2020-08-21,,,,,
NE,2020-08-22,,,,,
NE,2020-08-23,,,,,
NE,2020-08-24,,,,,
NE,2020-08-25,,,,,
NE,2020-08-26,,,,,
NE,2020-08-27,,,,,
NE,2020-08-28,,,,,
NE,2020-08-29,,,,,
NE,2020-08-30,,,,,
NE,2020-08-31,,,,,
NE,2020-09-01,,,,,
NE,2020-09-02,,,,,
NE,2020-09-03,,,,,
NE,2020-09-04,,,,,
NE,2020-09-05,,,,,
NE,2020-09-06,,,,,
NE,2020-09-07,,,,,
NE,2020-09-08,,,,,
NE,2020-09-09,,,,,
NE,2020-09-10,,,,,
NE,2020-09-11,,,,,
NE,2020-09-12,,,,,
NE,2020-09-13,,,,,
NE,2020-09-14,,,,,
NE,2020-09-15,,,,,
NE,2020-09-16,,,,,
NE,2020-09-17,,,,,
NE,2020-09-18,,,,,
NE,2020-09-19,,,,,
NE,2020-09-20,,,,,
NE,2020-09-21,,,,,
NE,2020-09-22,,,,,
NE,2020-09-23,,,,,
NE,2020-09-24,,,,,
NE,2020-09-25,,,,,
NE,2020-09-26,,,,,
NE,2020-09-27,,,,,
NE,2020-09-28,,,,,
NE,2020-09-29,,,,,
NE,2020-09-30,,,,,
NE,2020-10-01,,,,,
NE,2020-10-02,,,,,
NE,2020-10-03,,,,,
NE,2020-10-04,,,,,
NE,2020-10-05,,,,,
NE,2020-10-06,,,,,
NE,2020-10-07,,,,,
NE,2020-10-08,,,,,
NE,2020-10-09,,,,,
NE,2020-10-10,,,,,
NE,2020-10-11,,,,,
NE,2020-10-12,,,,,
NE,2020-10-13,,,,,
NE,2020-10-14,,,,,
NE,2020-10-15,,,,,
NE,2020-10-16,,,,,
NE,2020-10-17,,,,,
NE,2020-10-18,,,,,
NE,2020-10-19,,,,,
NE,2020-10-20,,,,,
NE,2020-10-21,,,,,
NE,2020-10-22,,,,,
NE,2020-10-23,,,,,
NE,2020-10-24,,,,,
NE,2020-10-25,,,,,
NE,2020-10-26,,,,,
NE,2020-10-27,,,,,
NE,2020-10-28,,,,,
NE,2020-10-29,,,,,
NE,2020-10-30,,,,,
NE,2020-10-31,,,,,
NE,2020-11-01,,,,,
NE,2020-11-02,,,,,
NE,2020-11-03,,,,,
NE,2020-11-04,,,,,
NE,2020-11-05,,,,,
NE,2020-11-06,,,,,
NE,2020-11-07,,,,,
NE,2020-11-08,,,,,
NE,2020-11-09,,,,,
NE,2020-11-10,,,,,
NE,2020-11-11,,,,,
NE,2020-11-12,,,,,
NE,2020-11-13,,,,,
NE,2020-11-14,,,,,
NE,2020-11-15,,,,,
NE,2020-11-16,,,,,
NE,2020-11-17,,,,,
NE,2020-11-18,,,,,
NE,2020-11-19,,,,,
NE,2020-11-20,,,,,
NE,2020-11-21,,,,,
NE,2020-11-22,,,,,
NE,2020-11-23,,,,,
NE,2020-11-24,,,,,
NE,2020-11-25,,,,,
NE,2020-11-26,,,,,
NE,2020-11-27,,,,,
NE,2020-11-28,,,,,
NE,2020-11-29,,,,,
NE,2020-11-30,,,,,
NE,2020-12-01,,,,,
NE,2020-12-02,,,,,
NE,2020-12-03,,,,,
NE,2020-12-04,,,,,
NE,2020-12-05,,,,,
NE,2020-12-06,,,,,
NE,2020-12-07,,,,,
NE,2020-12-08,,,,,
NE,2020-12-09,,,,,
NE,2020-12-10,,,,,
NE,2020-12-11,,,,,
NE,2020-12-12,,,,,
NE,2020-12-13,,,,,
NE,2020-12-14,,,,,
NE,2020-12-15,,,,,
NE,2020-12-16,,,,,
NE,2020-12-17,,,,,
NE,2020-12-18,,,,,
NE,2020-12-19,,,,,
NE,2020-12-20,,,,,
NE,2020-12-21,,,,,
NE,2020-12-22,,,,,
NE,2020-12-23,,,,,
NE,2020-12-24,,,,,
NE,2020-12-25,,,,,
NE,2020-12-26,,,,,
NE,2020-12-27,,,,,
NE,2020-12-28,,,,,
NE,2020-12-29,,,,,
NE,2020-12-30,,,,,
NE,2020-12-31,,,,,
NE,2021-01-01,,,,,
NE,2021-01-02,,,,,
NE,2021-01-03,,,,,
NE,2021-01-04,,,,,
NE,2021-01-05,,,,,
NE,2021-01-06,,,,,
NE,2021-01-07,,,,,
NE,2021-01-08,,,,,
NE,2021-01-09,,,,,
NE,2021-01-10,,,,,
NE,2021-01-11,,,,,
NE,2021-01-12,,,,,
NE,2021-01-13,,,,,
NE,2021-01-14,,,,,
NE,2021-01-15,,,,,
NE,2021-01-16,,,,,
NE,2021-01-17,,,,,
NE,2021-01-18,,,,,
NE,2021-01-19,,,,,
NE,2021-01-20,,,,,
NE,2021-01-21,,,,,
NE,2021-01-22,,,,,
NE,2021-01-23,,,,,
NE,2021-01-24,,,,,
NE,2021-01-25,,,,,
NE,2021-01-26,,,,,
NE,2021-01-27,,,,,
NE,2021-01-28,,,,,
NE,2021-01-29,,,,,
NE,2021-01-30,,,,,
NE,2021-01-31,,,,,
NE,2021-02-01,,,,,
NE,2021-02-02,,,,,
NE,2021-02-03,,,,,
NE,2021-02-04,,,,,
NE,2021-02-05,,,,,
NE,2021-02-06,,,,,
NE,2021-02-07,,,,,
NE,2021-02-08,,,,,
NE,2021-02-09,,,,,
NE,2021-02-10,,,,,
NE,2021-02-11,,,,,
NE,2021-02-12,,,,,
NE,2021-02-13,,,,,
NE,2021-02-14,,,,,
NE,2021-02-15,,,,,
NE,2021-02-16,,,,,
NE,2021-02-17,,,,,
NE,2021-02-18,,,,,
NE,2021-02-19,,,,,
NE,2021-02-20,,,,,
NE,2021-02-21,,,,,
NE,2021-02-22,,,,,
NE,2021-02-23,,,,,
NE,2021-02-24,,,,,
NE,2021-02-25,,,,,
NE,2021-02-26,,,,,
NE,2021-02-27,,,,,
NE,2021-02-28,,,,,
NE,2021-03-01,,,,,
NE,2021-03-02,,,,,
NE,2021-03-03,,,,,
NE,2021-03-04,,,,,
NE,2021-03-05,,,,,
NE,2021-03-06,,,,,
NE,2021-03-07,,,,,
NE,2021-03-08,,,,,
NE,2021-03-09,,,,,
NE,2021-03-10,,,,,
NE,2021-03-11,,,,,
NE,2021-03-12,,,,,
NE,2021-03-13,,,,,
NE,2021-03-14,,,,,
NE,2021-03-15,,,,,
NE,2021-03-16,,,,,
NE,2021-03-17,,,,,
NE,2021-03-18,,,,,
NE,2021-03-19,,,,,
NE,2021-03-20,,,,,
NE,2021-03-21,,,,,
NE,2021-03-22,,,,,
NE,2021-03-23,,,,,
NE,2021-03-24,,,,,
NE,2021-03-25,,,,,
NE,2021-03-26,,,,,
NE,2021-03-27,,,,,
NE,2021-03-28,,,,,
NE,2021-03-29,,,,,
NE,2021-03-30,,,,,
NE,2021-03-31,,,,,
NE,2021-04-01,,,,,
NE,2021-04-02,,,,,
NE,2021-04-03,,,,,
NE,2021-04-04,,,,,
NE,2021-04-05,,,,,
NE,2021-04-06,,,,,
NE,2021-04-07,,,,,
NE,2021-04-08,,,,,
NE,2021-04-09,,,,,
NE,2021-04-10,,,,,
NE,2021-04-11,,,,,
NE,2021-04-12,,,,,
NE,2021-04-13,,,,,
NE,2021-04-14,,,,,
NE,2021-04-15,,,,,
NE,2021-04-16,,,,,
NE,2021-04-17,,,,,
NE,2021-04-18,,,,,
NE,2021-04-19,,,,,
NE,2021-04-20,,,,,
NE,2021-04-21,,,,,
NE,2021-04-22,,,,,
NE,2021-04-23,,,,,
NE,2021-04-24,,,,,
NE,2021-04-25,,,,,
NE,2021-04-26,,,,,
NE,2021-04-27,,,,,
NE,2021-04-28,,,,,
NE,2021-04-29,,,,,
NE,2021-04-30,,,,,
NE,2021-05-01,,,,,
NE,2021-05-02,,,,,
NE,2021-05-03,,,,,
NE,2021-05-04,,,,,
NE,2021-05-05,,,,,
NE,2021-05-06,,,,,
NE,2021-05-07,,,,,
NE,2021-05-08,,,,,
NE,2021-05-09,,,,,
NE,2021-05-10,,,,,
NE,2021-05-11,,,,,
NE,2021-05-12,,,,,
NE,2021-05-13,,,,,
NE,2021-05-14,,,,,
NE,2021-05-15,,,,,
NE,2021-05-16,,,,,
NE,2021-05-17,,,,,
NE,2021-05-18,,,,,
NE,2021-05-19,,,,,
NE,2021-05-20,,,,,
NE,2021-05-21,,,,,
NE,2021-05-22,,,,,
NE,2021-05-23,,,,,
NE,2021-05-24,,,,,
NE,2021-05-25,,,,,
NE,2021-05-26,,,,,
NE,2021-05-27,,,,,
NE,2021-05-28,,,,,
NE,2021-05-29,,,,,
NE,2021-05-30,,,,,
NE,2021-05-31,,,,,
NE,2021-06-01,,,,,
NE,2021-06-02,,,,,
NE,2021-06-03,,,,,
NE,2021-06-04,,,,,
NE,2021-06-05,,,,,
NE,2021-06-06,,,,,
NE,2021-06-07,,,,,
NE,2021-06-08,,,,,
NE,2021-06-09,,,,,
NE,2021-06-10,,,,,
NE,2021-06-11,,,,,
NE,2021-06-12,,,,,
NE,2021-06-13,,,,,
NE,2021-06-14,,,,,
NE,2021-06-15,,,,,
NE,2021-06-16,,,,,
NE,2021-06-17,,,,,
NE,2021-06-18,,,,,
NE,2021-06-19,,,,,
NE,2021-06-20,,,,,
NE,2021-06-21,,,,,
NE,2021-06-22,,,,,
NE,2021-06-23,,,,,
NE,2021-06-24,,,,,
NE,2021-06-25,,,,,
NE,2021-06-26,,,,,
NE,2021-06-27,,,,,
NE,2021-06-28,,,,,
NE,2021-06-29,,,,,
NE,2021-06-30,,,,,
NE,2021-07-01,,,,,
NE,2021-07-02,,,,,
NE,2021-07-03,,,,,
NE,2021-07-04,,,,,
NE,2021-07-05,,,,,
NE,2021-07-06,,,,,
NE,2021-07-07,,,,,
NE,2021-07-08,,,,,
NE,2021-07-09,,,,,
NE,2021-07-10,,,,,
NE,2021-07-11,,,,,
NE,2021-07-12,,,,,
NE,2021-07-13,,,,,
NE,2021-07-14,,,,,
NE,2021-07-15,,,,,
NE,2021-07-16,,,,,
NE,2021-07-17,,,,,
NE,2021-07-18,,,,,
NE,2021-07-19,,,,,
NE,2021-07-20,,,,,
NE,2021-07-21,,,,,
NE,2021-07-22,,,,,
NE,2021-07-23,,,,,
NE,2021-07-24,,,,,
NE,2021-07-25,,,,,
NE,2021-07-26,,,,,
NE,2021-07-27,,,,,
NE,2021-07-28,,,,,
NE,2021-07-29,,,,,
NE,2021-07-30,,,,,
NE,2021-07-31,,,,,
NE,2021-08-01,,,,,
NE,2021-08-02,,,,,
NE,2021-08-03,,,,,
NE,2021-08-04,,,,,
NE,2021-08-05,,,,,
NE,2021-08-06,,,,,
NE,2021-08-07,,,,,
NE,2021-08-08,,,,,
NE,2021-08-09,,,,,
NE,2021-08-10,,,,,
NE,2021-08-11,,,,,
NE,2021-08-12,,,,,
NE,2021-08-13,,,,,
NE,2021-08-14,,,,,
NE,2021-08-15,,,,,
NE,2021-08-16,,,,,
NE,2021-08-17,,,,,
NE,2021-08-18,,,,,
NE,2021-08-19,,,,,
NE,2021-08-20,,,,,
NE,2021-08-21,,,,,
NE,2021-08-22,,,,,
NE,2021-08-23,,,,,
NE,2021-08-24,,,,,
NE,2021-08-25,,,,,
NE,2021-08-26,,,,,
NE,2021-08-27,,,,,
NE,2021-08-28,,,,,
NE,2021-08-29,,,,,
NE,2021-08-30,,,,,
NE,2021-08-31,,,,,
NE,2021-09-01,,,,,
NE,2021-09-02,,,,,
NE,2021-09-03,,,,,
NE,2021-09-04,,,,,
NE,2021-09-05,,,,,
NE,2021-09-06,,,,,
NE,2021-09-07,,,,,
NE,2021-09-08,,,,,
NE,2021-09-09,,,,,
NE,2021-09-10,,,,,
NE,2021-09-11,,,,,
NE,2021-09-12,,,,,
NE,2021-09-13,,,,,
NE,2021-09-14,,,,,
NE,2021-09-15,,,,,
NE,2021-09-16,,,,,
NE,2021-09-17,,,,,
NE,2021-09-18,,,,,
NE,2021-09-19,,,,,
NE,2021-09-20,,,,,
NE,2021-09-21,,,,,
NE,2021-09-22,,,,,
NE,2021-09-23,,,,,
NE,2021-09-24,,,,,
NE,2021-09-25,,,,,
NE,2021-09-26,,,,,
NE,2021-09-27,,,,,
NE,2021-09-28,,,,,
NE,2021-09-29,,,,,
NE,2021-09-30,,,,,
NE,2021-10-01,,,,,
NE,2021-10-02,,,,,
NE,2021-10-03,,,,,
NE,2021-10-04,,,,,
NE,2021-10-05,,,,,
NE,2021-10-06,,,,,
NE,2021-10-07,,,,,
NE,2021-10-08,,,,,
NE,2021-10-09,,,,,
NE,2021-10-10,,,,,
NE,2021-10-11,,,,,
NE,2021-10-12,,,,,
NE,2021-10-13,,,,,
NE,2021-10-14,,,,,
NE,2021-10-15,,,,,
NE,2021-10-16,,,,,
NE,2021-10-17,,,,,
NE,2021-10-18,,,,,
NE,2021-10-19,,,,,
NE,2021-10-20,,,,,
NE,2021-10-21,,,,,
NE,2021-10-22,,,,,
NE,2021-10-23,,,,,
NE,2021-10-24,,,,,
NE,2021-10-25,,,,,
NE,2021-10-26,,,,,
NE,2021-10-27,,,,,
NE,2021-10-28,,,,,
NE,2021-10-29,,,,,
NE,2021-10-30,,,,,
NE,2021-10-31,,,,,
NE,2021-11-01,,,,,
NE,2021-11-02,,,,,
NE,2021-11-03,,,,,
NE,2021-11-04,,,,,
NE,2021-11-05,,,,,
NE,2021-11-06,,,,,
NE,2021-11-07,,,,,
NE,2021-11-08,,,,,
NE,2021-11-09,,,,,
NE,2021-11-10,,,,,
NE,2021-11-11,,,,,
NE,2021-11-12,,,,,
NE,2021-11-13,,,,,
NE,2021-11-14,,,,,
NE,2021-11-15,,,,,
NE,2021-11-16,,,,,
NE,2021-11-17,,,,,
NE,2021-11-18,,,,,
NE,2021-11-19,,,,,
NE,2021-11-20,,,,,
NE,2021-11-21,,,,,
NE,2021-11-22,,,,,
NE,2021-11-23,,,,,
NE,2021-11-24,,,,,
NE,2021-11-25,,,,,
NE,2021-11-26,,,,,
NE,2021-11-27,,,,,
NE,2021-11-28,,,,,
NE,2021-11-29,,,,,
NE,2021-11-30,,,,,
NE,2021-12-01,,,,,
NE,2021-12-02,,,,,
NE,2021-12-03,,,,,
NE,2021-12-04,,,,,
NE,2021-12-05,,,,,
NE,2021-12-06,,,,,
NE,2021-12-07,,,,,
NE,2021-12-08,,,,,
NE,2021-12-09,,,,,
NE,2021-12-10,,,,,
NE,2021-12-11,,,,,
NE,2021-12-12,,,,,
NE,2021-12-13,,,,,
NE,2021-12-14,,,,,
NE,2021-12-15,,,,,
NE,2021-12-16,,,,,
NE,2021-12-17,,,,,
NE,2021-12-18,,,,,
NE,2021-12-19,,,,,
NE,2021-12-20,,,,,
NE,2021-12-21,,,,,
NE,2021-12-22,,,,,
NE,2021-12-23,,,,,
NE,2021-12-24,,,,,
NE,2021-12-25,,,,,
NE,2021-12-26,,,,,
NE,2021-12-27,,,,,
NE,2021-12-28,,,,,
NE,2021-12-29,,,,,
NE,2021-12-30,,,,,
NE,2021-12-31,,,,,
NE,2022-01-01,,,,,
NE,2022-01-02,,,,,
NE,2022-01-03,,,,,
NE,2022-01-04,,,,,
NE,2022-01-05,,,,,
NE,2022-01-06,,,,,
NE,2022-01-07,,,,,
NE,2022-01-08,,,,,
NE,2022-01-09,,,,,
NE,2022-01-10,,,,,
NE,2022-01-11,,,,,
NE,2022-01-12,,,,,
NE,2022-01-13,,,,,
NE,2022-01-14,,,,,
NE,2022-01-15,,,,,
NE,2022-01-16,,,,,
NE,2022-01-17,,,,,
NE,2022-01-18,,,,,
NE,2022-01-19,,,,,
NE,2022-01-20,,,,,
NE,2022-01-21,,,,,
NE,2022-01-22,,,,,
NE,2022-01-23,,,,,
NE,2022-01-24,,,,,
NE,2022-01-25,,,,,
NE,2022-01-26,,,,,
NE,2022-01-27,,,,,
NE,2022-01-28,,,,,
NE,2022-01-29,,,,,
NE,2022-01-30,,,,,
NE,2022-01-31,,,,,
NE,2022-02-01,,,,,
NE,2022-02-02,,,,,
NE,2022-02-03,,,,,
NE,2022-02-04,,,,,
NE,2022-02-05,,,,,
NE,2022-02-06,,,,,
NE,2022-02-07,,,,,
NE,2022-02-08,,,,,
NE,2022-02-09,,,,,
NE,2022-02-10,,,,,
NE,2022-02-11,,,,,
NE,2022-02-12,,,,,
NE,2022-02-13,,,,,
NE,2022-02-14,,,,,
NE,2022-02-15,,,,,
NE,2022-02-16,,,,,
NE,2022-02-17,,,,,
NE,2022-02-18,,,,,
NE,2022-02-19,,,,,
NE,2022-02-20,,,,,
NE,2022-02-21,,,,,
NE,2022-02-22,,,,,
NE,2022-02-23,,,,,
NE,2022-02-24,,,,,
NE,2022-02-25,,,,,
NE,2022-02-26,,,,,
NE,2022-02-27,,,,,
NE,2022-02-28,,,,,
NE,2022-03-01,,,,,
NE,2022-03-02,,,,,
NE,2022-03-03,,,,,
NE,2022-03-04,,,,,
NE,2022-03-05,,,,,
NE,2022-03-06,,,,,
NE,2022-03-07,,,,,
NE,2022-03-08,,,,,
NE,2022-03-09,,,,,
NE,2022-03-10,,,,,
NE,2022-03-11,,,,,
NE,2022-03-12,,,,,
NE,2022-03-13,,,,,
NE,2022-03-14,,,,,
NE,2022-03-15,,,,,
NE,2022-03-16,,,,,
NE,2022-03-17,,,,,
NE,2022-03-18,,,,,
NE,2022-03-19,,,,,
NE,2022-03-20,,,,,
NE,2022-03-21,,,,,
NE,2022-03-22,,,,,
NE,2022-03-23,,,,,
NE,2022-03-24,,,,,
NE,2022-03-25,,,,,
NE,2022-03-26,,,,,
NE,2022-03-27,,,,,
NE,2022-03-28,,,,,
NE,2022-03-29,,,,,
NE,2022-03-30,,,,,
NE,2022-03-31,,,,,
NE,2022-04-01,,,,,
NE,2022-04-02,,,,,
NE,2022-04-03,,,,,
NE,2022-04-04,,,,,
NE,2022-04-05,,,,,
NE,2022-04-06,,,,,
NE,2022-04-07,,,,,
NE,2022-04-08,,,,,
NE,2022-04-09,,,,,
NE,2022-04-10,,,,,
NE,2022-04-11,,,,,
NE,2022-04-12,,,,,
NE,2022-04-13,,,,,
NE,2022-04-14,,,,,
NE,2022-04-15,,,,,
NE,2022-04-16,,,,,
NE,2022-04-17,,,,,
NE,2022-04-18,,,,,
NE,2022-04-19,,,,,
NE,2022-04-20,,,,,
NE,2022-04-21,,,,,
NE,2022-04-22,,,,,
NE,2022-04-23,,,,,
NE,2022-04-24,,,,,
NE,2022-04-25,,,,,
NE,2022-04-26,,,,,
NE,2022-04-27,,,,,
NE,2022-04-28,,,,,
NE,2022-04-29,,,,,
NE,2022-04-30,,,,,
NE,2022-05-01,,,,,
NE,2022-05-02,,,,,
NE,2022-05-03,,,,,
NE,2022-05-04,,,,,
NE,2022-05-05,,,,,
NE,2022-05-06,,,,,
NE,2022-05-07,,,,,
NE,2022-05-08,,,,,
NE,2022-05-09,,,,,
NE,2022-05-10,,,,,
NE,2022-05-11,,,,,
NE,2022-05-12,,,,,
NE,2022-05-13,,,,,
NE,2022-05-14,,,,,
NE,2022-05-15,,,,,
NE,2022-05-16,,,,,
NE,2022-05-17,,,,,
NE,2022-05-18,,,,,
NE,2022-05-19,,,,,
NE,2022-05-20,,,,,
NE,2022-05-21,,,,,
NE,2022-05-22,,,,,
NE,2022-05-23,,,,,
NE,2022-05-24,,,,,
NE,2022-05-25,,,,,
NE,2022-05-26,,,,,
NE,2022-05-27,,,,,
NE,2022-05-28,,,,,
NE,2022-05-29,,,,,
NE,2022-05-30,,,,,
NE,2022-05-31,,,,,
NE,2022-06-01,,,,,
NE,2022-06-02,,,,,
NE,2022-06-03,,,,,
NE,2022-06-04,,,,,
NE,2022-06-05,,,,,
NE,2022-06-06,,,,,
NE,2022-06-07,,,,,
NE,2022-06-08,,,,,
NE,2022-06-09,,,,,
NE,2022-06-10,,,,,
NE,2022-06-11,,,,,
NE,2022-06-12,,,,,
NE,2022-06-13,,,,,
NE,2022-06-14,,,,,
NE,2022-06-15,,,,,
NE,2022-06-16,,,,,
NE,2022-06-17,,,,,
NE,2022-06-18,,,,,
NE,2022-06-19,,,,,
NE,2022-06-20,,,,,
NE,2022-06-21,,,,,
NE,2022-06-22,,,,,
NE,2022-06-23,,,,,
NE,2022-06-24,,,,,
NE,2022-06-25,,,,,
NE,2022-06-26,,,,,
NE,2022-06-27,,,,,
NE,2022-06-28,,,,,
NE,2022-06-29,,,,,
NE,2022-06-30,,,,,
NE,2022-07-01,,,,,
NE,2022-07-02,,,,,
NE,2022-07-03,,,,,
NE,2022-07-04,,,,,
NE,2022-07-05,,,,,
NE,2022-07-06,,,,,
NE,2022-07-07,,,,,
NE,2022-07-08,,,,,
NE,2022-07-09,,,,,
NE,2022-07-10,,,,,
NE,2022-07-11,,,,,
NE,2022-07-12,,,,,
NE,2022-07-13,,,,,
NE,2022-07-14,,,,,
NE,2022-07-15,,,,,
NE,2022-07-16,,,,,
NE,2022-07-17,,,,,
NE,2022-07-18,,,,,
NE,2022-07-19,,,,,
NE,2022-07-20,,,,,
NE,2022-07-21,,,,,
NE,2022-07-22,,,,,
NE,2022-07-23,,,,,
NE,2022-07-24,,,,,
NE,2022-07-25,,,,,
NE,2022-07-26,,,,,
NE,2022-07-27,,,,,
NE,2022-07-28,,,,,
NE,2022-07-29,,,,,
NE,2022-07-30,,,,,
NE,2022-07-31,,,,,
NE,2022-08-01,,,,,
NE,2022-08-02,,,,,
NE,2022-08-03,,,,,
NE,2022-08-04,,,,,
NE,2022-08-05,,,,,
NE,2022-08-06,,,,,
NE,2022-08-07,,,,,
NE,2022-08-08,,,,,
NE,2022-08-09,,,,,
NE,2022-08-10,,,,,
NE,2022-08-11,,,,,
NE,2022-08-12,,,,,
NE,2022-08-13,,,,,
NE,2022-08-14,,,,,
NE,2022-08-15,,,,,
NE,2022-08-16,,,,,
NE,2022-08-17,,,,,
NE,2022-08-18,,,,,
NE,2022-08-19,,,,,
NE,2022-08-20,,,,,
NE,2022-08-21,,,,,
NE,2022-08-22,,,,,
NE,2022-08-23,,,,,
NE,2022-08-24,,,,,
NE,2022-08-25,,,,,
NE,2022-08-26,,,,,
NE,2022-08-27,,,,,
NE,2022-08-28,,,,,
NE,2022-08-29,,,,,
NE,2022-08-30,,,,,
NE,2022-08-31,,,,,
NE,2022-09-01,,,,,
NE,2022-09-02,,,,,
NE,2022-09-03,,,,,
NE,2022-09-04,,,,,
NE,2022-09-05,,,,,
NE,2022-09-06,,,,,
NE,2022-09-07,,,,,
NE,2022-09-08,,,,,
NE,2022-09-09,,,,,
NE,2022-09-10,,,,,
NE,2022-09-11,,,,,
NE,2022-09-12,,,,,
NE,2022-09-13,,,,,
NE,2022-09-14,,,,,
NE,2022-09-15,,,,,
NE,2022-09-16,,,,,
NE,2022-09-17,,,,,
NE,2022-09-18,,,,,
NE,2022-09-19,,,,,
NE,2022-09-20,,,,,
NE,2022-09-21,,,,,
NE,2022-09-22,,,,,
NE,2022-09-23,,,,,
NE,2022-09-24,,,,,
NE,2022-09-25,,,,,
NE,2022-09-26,,,,,
NE,2022-09-27,,,,,
NE,2022-09-28,,,,,
NE,2022-09-29,,,,,
NE,2022-09-30,,,,,
NE,2022-10-01,,,,,
NE,2022-10-02,,,,,
NE,2022-10-03,,,,,
NE,2022-10-04,,,,,
NE,2022-10-05,,,,,
NE,2022-10-06,,,,,
NE,2022-10-07,,,,,
NE,2022-10-08,,,,,
NE,2022-10-09,,,,,
NE,2022-10-10,,,,,
NE,2022-10-11,,,,,
NE,2022-10-12,,,,,
NE,2022-10-13,,,,,
NE,2022-10-14,,,,,
NE,2022-10-15,,,,,
NE,2022-10-16,,,,,
NE,2022-10-17,,,,,
NE,2022-10-18,,,,,
NE,2022-10-19,,,,,
NE,2022-10-20,,,,,
NE,2022-10-21,,,,,
NE,2022-10-22,,,,,
NE,2022-10-23,,,,,
NE,2022-10-24,,,,,
NE,2022-10-25,,,,,
NE,2022-10-26,,,,,
NE,2022-10-27,,,,,
NE,2022-10-28,,,,,
NE,2022-10-29,,,,,
NE,2022-10-30,,,,,
NE,2022-10-31,,,,,
NE,2022-11-01,,,,,
NE,2022-11-02,,,,,
NE,2022-11-03,,,,,
NE,2022-11-04,,,,,
NE,2022-11-05,,,,,
NE,2022-11-06,,,,,
NE,2022-11-07,,,,,
NE,2022-11-08,,,,,
NE,2022-11-09,,,,,
NE,2022-11-10,,,,,
NE,2022-11-11,,,,,
NE,2022-11-12,,,,,
NE,2022-11-13,,,,,
NE,2022-11-14,,,,,
NE,2022-11-15,,,,,
NE,2022-11-16,,,,,
NE,2022-11-17,,,,,
NE,2022-11-18,,,,,
NE,2022-11-19,,,,,
NE,2022-11-20,,,,,
NE,2022-11-21,,,,,
NE,2022-11-22,,,,,
NE,2022-11-23,,,,,
NE,2022-11-24,,,,,
NE,2022-11-25,,,,,
NE,2022-11-26,,,,,
NE,2022-11-27,,,,,
NE,2022-11-28,,,,,
NE,2022-11-29,,,,,
NE,2022-11-30,,,,,
NE,2022-12-01,,,,,
NE,2022-12-02,,,,,
NE,2022-12-03,,,,,
NE,2022-12-04,,,,,
NE,2022-12-05,,,,,
NE,2022-12-06,,,,,
NE,2022-12-07,,,,,
NE,2022-12-08,,,,,
NE,2022-12-09,,,,,
NE,2022-12-10,,,,,
NE,2022-12-11,,,,,
NE,2022-12-12,,,,,
NE,2022-12-13,,,,,
NE,2022-12-14,,,,,
NE,2022-12-15,,,,,
NE,2022-12-16,,,,,
NE,2022-12-17,,,,,
NE,2022-12-18,,,,,
NE,2022-12-19,,,,,
NE,2022-12-20,,,,,
NE,2022-12-21,,,,,
NE,2022-12-22,,,,,
NE,2022-12-23,,,,,
NE,2022-12-24,,,,,
NE,2022-12-25,,,,,
NE,2022-12-26,,,,,
NE,2022-12-27,,,,,
NE,2022-12-28,,,,,
NE,2022-12-29,,,,,
NE,2022-12-30,,,,,
NE,2022-12-31,,,,,
NE,2023-01-01,,,,,
NE,2023-01-02,,,,,
NE,2023-01-03,,,,,
NE,2023-01-04,,,,,
NE,2023-01-05,,,,,
NE,2023-01-06,,,,,
NE,2023-01-07,,,,,
NE,2023-01-08,,,,,
NE,2023-01-09,,,,,
NE,2023-01-10,,,,,
NE,2023-01-11,,,,,
NE,2023-01-12,,,,,
NE,2023-01-13,,,,,
NE,2023-01-14,,,,,
NE,2023-01-15,,,,,
NE,2023-01-16,,,,,
NE,2023-01-17,,,,,
NE,2023-01-18,,,,,
NE,2023-01-19,,,,,
NE,2023-01-20,,,,,
NE,2023-01-21,,,,,
NE,2023-01-22,,,,,
NE,2023-01-23,,,,,
NE,2023-01-24,,,,,
NE,2023-01-25,,,,,
NE,2023-01-26,,,,,
NE,2023-01-27,,,,,
NE,2023-01-28,,,,,
NE,2023-01-29,,,,,
NE,2023-01-30,,,,,
NE,2023-01-31,,,,,
NE,2023-02-01,,,,,
NE,2023-02-02,,,,,
NE,2023-02-03,,,,,
NE,2023-02-04,,,,,
NE,2023-02-05,,,,,
NE,2023-02-06,,,,,
NE,2023-02-07,,,,,
NE,2023-02-08,,,,,
NE,2023-02-09,,,,,
NE,2023-02-10,,,,,
NE,2023-02-11,,,,,
NE,2023-02-12,,,,,
NE,2023-02-13,,,,,
NE,2023-02-14,,,,,
NE,2023-02-15,,,,,
NE,2023-02-16,,,,,
NE,2023-02-17,,,,,
NE,2023-02-18,,,,,
NE,2023-02-19,,,,,
NE,2023-02-20,,,,,
NE,2023-02-21,,,,,
NE,2023-02-22,,,,,
NE,2023-02-23,,,,,
NE,2023-02-24,,,,,
NE,2023-02-25,,,,,
NE,2023-02-26,,,,,
NE,2023-02-27,,,,,
NE,2023-02-28,,,,,
NE,2023-03-01,,,,,
NE,2023-03-02,,,,,
NE,2023-03-03,,,,,
NE,2023-03-04,,,,,
NE,2023-03-05,,,,,
NE,2023-03-06,,,,,
NE,2023-03-07,,,,,
NE,2023-03-08,,,,,
NE,2023-03-09,,,,,
NE,2023-03-10,,,,,
NE,2023-03-11,,,,,
NE,2023-03-12,,,,,
NE,2023-03-13,,,,,
NE,2023-03-14,,,,,
NE,2023-03-15,,,,,
NE,2023-03-16,,,,,
NE,2023-03-17,,,,,
NE,2023-03-18,,,,,
NE,2023-03-19,,,,,
NE,2023-03-20,,,,,
NE,2023-03-21,,,,,
NE,2023-03-22,,,,,
NE,2023-03-23,,,,,
NE,2023-03-24,,,,,
NE,2023-03-25,,,,,
NE,2023-03-26,,,,,
NE,2023-03-27,,,,,
NE,2023-03-28,,,,,
NE,2023-03-29,,,,,
NE,2023-03-30,,,,,
NE,2023-03-31,,,,,
NE,2023-04-01,,,,,
NE,2023-04-02,,,,,
NE,2023-04-03,,,,,
NE,2023-04-04,,,,,
NE,2023-04-05,,,,,
NE,2023-04-06,,,,,
NE,2023-04-07,,,,,
NE,2023-04-08,,,,,
NE,2023-04-09,,,,,
NE,2023-04-10,,,,,
NE,2023-04-11,,,,,
NE,2023-04-12,,,,,
NE,2023-04-13,,,,,
NE,2023-04-14,,,,,
NE,2023-04-15,,,,,
NE,2023-04-16,,,,,
NE,2023-04-17,,,,,
NE,2023-04-18,,,,,
NE,2023-04-19,,,,,
NE,2023-04-20,,,,,
NE,2023-04-21,,,,,
NE,2023-04-22,,,,,
NE,2023-04-23,,,,,
NE,2023-04-24,,,,,
NE,2023-04-25,,,,,
NE,2023-04-26,,,,,
NE,2023-04-27,,,,,
NE,2023-04-28,,,,,
NE,2023-04-29,,,,,
NE,2023-04-30,,,,,
NE,2023-05-01,,,,,
NE,2023-05-02,,,,,
NE,2023-05-03,,,,,
NE,2023-05-04,,,,,
NE,2023-05-05,,,,,
NE,2023-05-06,,,,,
NE,2023-05-07,,,,,
NE,2023-05-08,,,,,
NE,2023-05-09,,,,,
NE,2023-05-10,,,,,
NE,2023-05-11,,,,,
NE,2023-05-12,,,,,
NE,2023-05-13,,,,,
NE,2023-05-14,,,,,
NE,2023-05-15,,,,,
NE,2023-05-16,,,,,
NE,2023-05-17,,,,,
NE,2023-05-18,,,,,
NE,2023-05-19,,,,,
NE,2023-05-20,,,,,
NE,2023-05-21,,,,,
NE,2023-05-22,,,,,
NE,2023-05-23,,,,,
NE,2023-05-24,,,,,
NE,2023-05-25,,,,,
NE,2023-05-26,,,,,
NE,2023-05-27,,,,,
NE,2023-05-28,,,,,
NE,2023-05-29,,,,,
NE,2023-05-30,,,,,
NE,2023-05-31,,,,,
NE,2023-06-01,,,,,
NE,2023-06-02,,,,,
NE,2023-06-03,,,,,
NE,2023-06-04,,,,,
NE,2023-06-05,,,,,
NE,2023-06-06,,,,,
NE,2023-06-07,,,,,
NE,2023-06-08,,,,,
NE,2023-06-09,,,,,
NE,2023-06-10,,,,,
NE,2023-06-11,,,,,
NE,2023-06-12,,,,,
NE,2023-06-13,,,,,
NE,2023-06-14,,,,,
NE,2023-06-15,,,,,
NE,2023-06-16,,,,,
NE,2023-06-17,,,,,
NE,2023-06-18,,,,,
NE,2023-06-19,,,,,
NE,2023-06-20,,,,,
NE,2023-06-21,,,,,
NE,2023-06-22,,,,,
NE,2023-06-23,,,,,
NE,2023-06-24,,,,,
NE,2023-06-25,,,,,
NE,2023-06-26,,,,,
NE,2023-06-27,,,,,
NE,2023-06-28,,,,,
NE,2023-06-29,,,,,
NE,2023-06-30,,,,,
NE,2023-07-01,,,,,
NE,2023-07-02,,,,,
NE,2023-07-03,,,,,
NE,2023-07-04,,,,,
NE,2023-07-05,,,,,
NE,2023-07-06,,,,,
NE,2023-07-07,,,,,
NE,2023-07-08,,,,,
NE,2023-07-09,,,,,
NE,2023-07-10,,,,,
NE,2023-07-11,,,,,
NE,2023-07-12,,,,,
NE,2023-07-13,,,,,
NE,2023-07-14,,,,,
NE,2023-07-15,,,,,
NE,2023-07-16,,,,,
NE,2023-07-17,,,,,
NE,2023-07-18,,,,,
NE,2023-07-19,,,,,
NE,2023-07-20,,,,,
NE,2023-07-21,,,,,
NE,2023-07-22,,,,,
NE,2023-07-23,,,,,
NE,2023-07-24,,,,,
NE,2023-07-25,,,,,
NE,2023-07-26,,,,,
NE,2023-07-27,,,,,
NE,2023-07-28,,,,,
NE,2023-07-29,,,,,
NE,2023-07-30,,,,,
NE,2023-07-31,,,,,
NE,2023-08-01,,,,,
NE,2023-08-02,,,,,
NE,2023-08-03,,,,,
NE,2023-08-04,,,,,
NE,2023-08-05,,,,,
NE,2023-08-06,,,,,
NE,2023-08-07,,,,,
NE,2023-08-08,,,,,
NE,2023-08-09,,,,,
NE,2023-08-10,,,,,
NE,2023-08-11,,,,,
NE,2023-08-12,,,,,
NE,2023-08-13,,,,,
NE,2023-08-14,,,,,
NE,2023-08-15,,,,,
NE,2023-08-16,,,,,
NE,2023-08-17,,,,,
NE,2023-08-18,,,,,
NE,2023-08-19,,,,,
NE,2023-08-20,,,,,
NE,2023-08-21,,,,,
NE,2023-08-22,,,,,
NE,2023-08-23,,,,,
NE,2023-08-24,,,,,
NE,2023-08-25,,,,,
NE,2023-08-26,,,,,
NE,2023-08-27,,,,,
NE,2023-08-28,,,,,
NE,2023-08-29,,,,,
NE,2023-08-30,,,,,
NE,2023-08-31,,,,,
NE,2023-09-01,,,,,
NE,2023-09-02,,,,,
NE,2023-09-03,,,,,
NE,2023-09-04,,,,,
NE,2023-09-05,,,,,
NE,2023-09-06,,,,,
NE,2023-09-07,,,,,
NE,2023-09-08,,,,,
NE,2023-09-09,,,,,
NE,2023-09-10,,,,,
NE,2023-09-11,,,,,
NE,2023-09-12,,,,,
NE,2023-09-13,,,,,
NE,2023-09-14,,,,,
NE,2023-09-15,,,,,
NE,2023-09-16,,,,,
NE,2023-09-17,,,,,
NE,2023-09-18,,,,,
NE,2023-09-19,,,,,
NE,2023-09-20,,,,,
NE,2023-09-21,,,,,
NE,2023-09-22,,,,,
NE,2023-09-23,,,,,
NE,2023-09-24,,,,,
NE,2023-09-25,,,,,
NE,2023-09-26,,,,,
NE,2023-09-27,,,,,
NE,2023-09-28,,,,,
NE,2023-09-29,,,,,
NE,2023-09-30,,,,,
NE,2023-10-01,,,,,
NE,2023-10-02,,,,,
NE,2023-10-03,,,,,
NE,2023-10-04,,,,,
NE,2023-10-05,,,,,
NE,2023-10-06,,,,,
NE,2023-10-07,,,,,
NE,2023-10-08,,,,,
NE,2023-10-09,,,,,
NE,2023-10-10,,,,,
NE,2023-10-11,,,,,
NE,2023-10-12,,,,,
NE,2023-10-13,,,,,
NE,2023-10-14,,,,,
NE,2023-10-15,,,,,
NE,2023-10-16,,,,,
NE,2023-10-17,,,,,
NE,2023-10-18,,,,,
NE,2023-10-19,,,,,
NE,2023-10-20,,,,,
NE,2023-10-21,,,,,
NE,2023-10-22,,,,,
NE,2023-10-23,,,,,
NE,2023-10-24,,,,,
NE,2023-10-25,,,,,
NE,2023-10-26,,,,,
NE,2023-10-27,,,,,
NE,2023-10-28,,,,,
NE,2023-10-29,,,,,
NE,2023-10-30,,,,,
NE,2023-10-31,,,,,
NE,2023-11-01,,,,,
NE,2023-11-02,,,,,
NE,2023-11-03,,,,,
NE,2023-11-04,,,,,
NE,2023-11-05,,,,,
NE,2023-11-06,,,,,
NE,2023-11-07,,,,,
NE,2023-11-08,,,,,
NE,2023-11-09,,,,,
NE,2023-11-10,,,,,
NE,2023-11-11,,,,,
NE,2023-11-12,,,,,
NE,2023-11-13,,,,,
NE,2023-11-14,,,,,
NE,2023-11-15,,,,,
NE,2023-11-16,,,,,
NE,2023-11-17,,,,,
NE,2023-11-18,,,,,
NE,2023-11-19,,,,,
NE,2023-11-20,,,,,
NE,2023-11-21,,,,,
NE,2023-11-22,,,,,
NE,2023-11-23,,,,,
NE,2023-11-24,,,,,
NE,2023-11-25,,,,,
NE,2023-11-26,,,,,
NE,2023-11-27,,,,,
NE,2023-11-28,,,,,
NE,2023-11-29,,,,,
NE,2023-11-30,,,,,
NE,2023-12-01,,,,,
NE,2023-12-02,,,,,
NE,2023-12-03,,,,,
NE,2023-12-04,,,,,
NE,2023-12-05,,,,,
NE,2023-12-06,,,,,
NE,2023-12-07,,,,,
NE,2023-12-08,,,,,
NE,2023-12-09,,,,,
NE,2023-12-10,,,,,
NE,2023-12-11,,,,,
NE,2023-12-12,,,,,
NE,2023-12-13,,,,,
NE,2023-12-14,,,,,
NE,2023-12-15,,,,,
NE,2023-12-16,,,,,
NE,2023-12-17,,,,,
NE,2023-12-18,,,,,
NE,2023-12-19,,,,,
NE,2023-12-20,,,,,
NE,2023-12-21,,,,,
NE,2023-12-22,,,,,
NE,2023-12-23,,,,,
NE,2023-12-24,,,,,
NE,2023-12-25,,,,,
NE,2023-12-26,,,,,
NE,2023-12-27,,,,,
NE,2023-12-28,,,,,
NE,2023-12-29,,,,,
NE,2023-12-30,,,,,
NE,2023-12-31,,,,,
NE,2024-01-01,234.0,,,,234.0
NE,2024-01-02,67.0,,,,67.0
NE,2024-01-03,56.0,,,,56.0
NE,2024-01-04,65.0,,,,65.0
NE,2024-01-05,55.0,,,,55.0
NE,2024-01-06,100.0,,,,100.0
NE,2024-01-07,75.0,,,,75.0
NE,2024-01-08,68.0,,,,68.0
NE,2024-01-09,64.0,,,,64.0
NE,2024-01-10,125.0,,,,125.0
NE,2024-01-11,147.0,,,,147.0
NE,2024-01-12,133.0,,,,133.0
NE,2024-01-13,95.0,,,,95.0
NE,2024-01-14,116.0,,,,116.0
NE,2024-01-15,67.0,,,,67.0
NE,2024-01-16,61.0,,,,61.0
NE,2024-01-17,59.0,,,,59.0
NE,2024-01-18,155.0,,,,155.0
NE,2024-01-19,115.0,,,,115.0
NE,2024-01-20,67.0,,,,67.0
NE,2024-01-21,68.0,,,,68.0
NE,2024-01-22,106.0,,,,106.0
NE,2024-01-23,113.0,,,,113.0
NE,2024-01-24,60.0,,,,60.0
NE,2024-01-25,47.0,,,,47.0
NE,2024-01-26,61.0,,,,61.0
NE,2024-01-27,45.0,,,,45.0
NE,2024-01-28,51.0,,,,51.0
NE,2024-01-29,40.0,,,,40.0
NE,2024-01-30,57.0,,,,57.0
NE,2024-01-31,68.0,,,,68.0
NE,2024-02-01,68.0,,,,68.0
NE,2024-02-02,82.0,,,,82.0
NE,2024-02-03,64.0,,,,64.0
NE,2024-02-04,54.0,,,,54.0
NE,2024-02-05,28.0,,,,28.0
NE,2024-02-06,47.0,,,,47.0
NE,2024-02-07,73.0,,,,73.0
NE,2024-02-08,90.0,,,,90.0
NE,2024-02-09,88.0,,,,88.0
NE,2024-02-10,93.0,,,,93.0
NE,2024-02-11,75.0,,,,75.0
NE,2024-02-12,28.0,,,,28.0
NE,2024-02-13,51.0,,,,51.0
NE,2024-02-14,68.0,,,,68.0
NE,2024-02-15,95.0,,,,95.0
NE,2024-02-16,63.0,,,,63.0
NE,2024-02-17,38.0,,,,38.0
NE,2024-02-18,62.0,,,,62.0
NE,2024-02-19,119.0,,,,119.0
NE,2024-02-20,95.0,,,,95.0
NE,2024-02-21,79.0,,,,79.0
NE,2024-02-22,61.0,,,,61.0
NE,2024-02-23,66.0,,,,66.0
NE,2024-02-24,60.0,,,,60.0
NE,2024-02-25,78.0,,,,78.0
NE,2024-02-26,92.0,,,,92.0
NE,2024-02-27,86.0,,,,86.0
NE,2024-02-28,99.0,,,,99.0
NE,2024-02-29,91.0,,,,91.0
NE,2024-03-01,81.0,,,,81.0
NE,2024-03-02,89.0,,,,89.0
NE,2024-03-03,86.0,,,,86.0
NE,2024-03-04,87.0,,,,87.0
NE,2024-03-05,79.0,,,,79.0
NE,2024-03-06,91.0,,,,91.0
NE,2024-03-07,93.0,,,,93.0
NE,2024-03-08,85.0,,,,85.0
NE,2024-03-09,43.0,,,,43.0
NE,2024-03-10,36.0,,,,36.0
NE,2024-03-11,55.0,,,,55.0
NE,2024-03-12,67.0,,,,67.0
NE,2024-03-13,67.0,,,,67.0
NE,2024-03-14,75.0,,,,75.0
NE,2024-03-15,87.0,,,,87.0
NE,2024-03-16,67.0,,,,67.0
NE,2024-03-17,55.0,,,,55.0
NE,2024-03-18,26.0,,,,26.0
NE,2024-03-19,50.0,,,,50.0
NE,2024-03-20,59.0,,,,59.0
NE,2024-03-21,66.0,,,,66.0
NE,2024-03-22,70.0,,,,70.0
NE,2024-03-23,55.0,,,,55.0
NE,2024-03-24,67.0,,,,67.0
NE,2024-03-25,64.0,,,,64.0
NE,2024-03-26,40.0,,,,40.0
NE,2024-03-27,62.0,,,,62.0
NE,2024-03-28,52.0,,,,52.0
NE,2024-03-29,42.0,,,,42.0
NE,2024-03-30,56.0,,,,56.0
NE,2024-03-31,75.0,,,,75.0
NE,2024-04-01,103.0,,,,103.0
NE,2024-04-02,67.0,,,,67.0
NE,2024-04-03,42.0,,,,42.0
NE,2024-04-04,52.0,,,,52.0
NE,2024-04-05,53.0,,,,53.0
NE,2024-04-06,62.0,,,,62.0
NE,2024-04-07,64.0,,,,64.0
NE,2024-04-08,80.0,,,,80.0
NE,2024-04-09,100.0,,,,100.0
NE,2024-04-10,63.0,,,,63.0
NE,2024-04-11,41.0,,,,41.0
NE,2024-04-12,49.0,,,,49.0
NE,2024-04-13,56.0,,,,56.0
NE,2024-04-14,60.0,,,,60.0
NE,2024-04-15,73.0,,,,73.0
NE,2024-04-16,76.0,,,,76.0
NE,2024-04-17,86.0,,,,86.0
NE,2024-04-18,91.0,,,,91.0
NE,2024-04-19,86.0,,,,86.0
NE,2024-04-20,69.0,,,,69.0
NE,2024-04-21,31.0,,,,31.0
NE,2024-04-22,45.0,,,,45.0
NE,2024-04-23,51.0,,,,51.0
NE,2024-04-24,63.0,,,,63.0
NE,2024-04-25,75.0,,,,75.0
NE,2024-04-26,86.0,,,,86.0
NE,2024-04-27,105.0,,,,105.0
NE,2024-04-28,94.0,,,,94.0
NE,2024-04-29,86.0,,,,86.0
NE,2024-04-30,88.0,,,,88.0
NE,2024-05-01,84.0,,,,84.0
NE,2024-05-02,87.0,,,,87.0
NE,2024-05-03,92.0,,,,92.0
NE,2024-05-04,80.0,,,,80.0
NE,2024-05-05,85.0,,,,85.0
NE,2024-05-06,82.0,,,,82.0
NE,2024-05-07,95.0,,,,95.0
NE,2024-05-08,100.0,,,,100.0
NE,2024-05-09,100.0,,,,100.0
NE,2024-05-10,128.0,,,,128.0
NE,2024-05-11,115.0,,,,115.0
NE,2024-05-12,98.0,,,,98.0
NE,2024-05-13,89.0,,,,89.0
NE,2024-05-14,74.0,,,,74.0
NE,2024-05-15,95.0,,,,95.0
NE,2024-05-16,113.0,,,,113.0
NE,2024-05-17,76.0,,,,76.0
NE,2024-05-18,75.0,,,,75.0
NE,2024-05-19,94.0,,,,94.0
NE,2024-05-20,125.0,,,,125.0
NE,2024-05-21,106.0,,,,106.0
NE,2024-05-22,127.0,,,,127.0
NE,2024-05-23,125.0,,,,125.0
NE,2024-05-24,98.0,,,,98.0
NE,2024-05-25,110.0,,,,110.0
NE,2024-05-26,97.0,,,,97.0
NE,2024-05-27,130.0,,,,130.0
NE,2024-05-28,114.0,,,,114.0
NE,2024-05-29,66.0,,,,66.0
NE,2024-05-30,96.0,,,,96.0
NE,2024-05-31,88.0,,,,88.0
NE,2024-06-01,94.0,,,,94.0
NE,2024-06-02,94.0,,,,94.0
NE,2024-06-03,96.0,,,,96.0
NE,2024-06-04,96.0,,,,96.0
NE,2024-06-05,85.0,,,,85.0
NE,2024-06-06,121.0,,,,121.0
NE,2024-06-07,93.0,,,,93.0
NE,2024-06-08,79.0,,,,79.0
NE,2024-06-09,73.0,,,,73.0
NE,2024-06-10,80.0,,,,80.0
NE,2024-06-11,79.0,,,,79.0
NE,2024-06-12,68.0,,,,68.0
NE,2024-06-13,53.0,,,,53.0
NE,2024-06-14,46.0,,,,46.0
NE,2024-06-15,46.0,,,,46.0
NE,2024-06-16,56.0,,,,56.0
NE,2024-06-17,39.0,,,,39.0
NE,2024-06-18,40.0,,,,40.0
NE,2024-06-19,30.0,,,,30.0
NE,2024-06-20,,,,,
NE,2024-06-21,,,,,
NE,2024-06-22,,,,,
NE,2024-06-23,,,,,
NE,2024-06-24,,,,,
NE,2024-06-25,,,,,
NE,2024-06-26,,,,,
NE,2024-06-27,,,,,
NE,2024-06-28,,,,,
NE,2024-06-29,,,,,
NE,2024-06-30,,,,,
NE,2024-07-01,60.0,,,,60.0
NE,2024-07-02,65.0,,,,65.0
NE,2024-07-03,68.0,,,,68.0
NE,2024-07-04,75.0,,,,75.0
NE,2024-07-05,91.0,,,,91.0
NE,2024-07-06,84.0,,,,84.0
NE,2024-07-07,74.0,,,,74.0
NE,2024-07-08,67.0,,,,67.0
NE,2024-07-09,59.0,,,,59.0
NE,2024-07-10,55.0,,,,55.0
NE,2024-07-11,52.0,,,,52.0
NE,2024-07-12,60.0,,,,60.0
NE,2024-07-13,76.0,,,,76.0
NE,2024-07-14,87.0,,,,87.0
NE,2024-07-15,71.0,,,,71.0
NE,2024-07-16,91.0,,,,91.0
NE,2024-07-17,77.0,,,,77.0
NE,2024-07-18,71.0,,,,71.0
NE,2024-07-19,79.0,,,,79.0
NE,2024-07-20,87.0,,,,87.0
NE,2024-07-21,64.0,,,,64.0
NE,2024-07-22,59.0,,,,59.0
NE,2024-07-23,57.0,,,,57.0
NE,2024-07-24,45.0,,,,45.0
NE,2024-07-25,56.0,,,,56.0
NE,2024-07-26,74.0,,,,74.0
NE,2024-07-27,74.0,,,,74.0
NE,2024-07-28,61.0,,,,61.0
NE,2024-07-29,68.0,,,,68.0
NE,2024-07-30,,,,,
NE,2024-07-31,,,,,
NE,2024-08-01,,,,,
NE,2024-08-02,,,,,
NE,2024-08-03,,,,,
NE,2024-08-04,,,,,
NE,2024-08-05,,,,,
NE,2024-08-06,,,,,
NE,2024-08-07,,,,,
NE,2024-08-08,,,,,
NE,2024-08-09,,,,,
NE,2024-08-10,,,,,
NE,2024-08-11,,,,,
NE,2024-08-12,,,,,
NE,2024-08-13,,,,,
NE,2024-08-14,,,,,
NE,2024-08-15,,,,,
NE,2024-08-16,,,,,
NE,2024-08-17,,,,,
NE,2024-08-18,,,,,
NE,2024-08-19,,,,,
NE,2024-08-20,,,,,
NE,2024-08-21,,,,,
NE,2024-08-22,,,,,
NE,2024-08-23,,,,,
NE,2024-08-24,,,,,
NE,2024-08-25,,,,,
NE,2024-08-26,,,,,
NE,2024-08-27,,,,,
NE,2024-08-28,,,,,
NE,2024-08-29,,,,,
NE,2024-08-30,,,,,
NE,2024-08-31,,,,,
NE,2024-09-01,,,,,
NE,2024-09-02,,,,,
NE,2024-09-03,,,,,
NE,2024-09-04,,,,,
NE,2024-09-05,,,,,
NE,2024-09-06,,,,,
NE,2024-09-07,,,,,
NE,2024-09-08,,,,,
NE,2024-09-09,,,,,
NE,2024-09-10,,,,,
NE,2024-09-11,,,,,
NE,2024-09-12,,,,,
NE,2024-09-13,,,,,
NE,2024-09-14,,,,,
NE,2024-09-15,,,,,
NE,2024-09-16,,,,,
NE,2024-09-17,,,,,
NE,2024-09-18,,,,,
NE,2024-09-19,,,,,
NE,2024-09-20,,,,,
NE,2024-09-21,,,,,
NE,2024-09-22,,,,,
NE,2024-09-23,,,,,
NE,2024-09-24,,,,,
NE,2024-09-25,,,,,
NE,2024-09-26,,,,,
NE,2024-09-27,,,,,
NE,2024-09-28,,,,,
NE,2024-09-29,,,,,
NE,2024-09-30,,,,,
NE,2024-10-01,,,,,
NE,2024-10-02,,,,,
NE,2024-10-03,,,,,
NE,2024-10-04,,,,,
NE,2024-10-05,,,,,
NE,2024-10-06,,,,,
NE,2024-10-07,,,,,
NE,2024-10-08,,,,,
NE,2024-10-09,,,,,
NE,2024-10-10,,,,,
NE,2024-10-11,,,,,
NE,2024-10-12,,,,,
NE,2024-10-13,,,,,
NE,2024-10-14,,,,,
NE,2024-10-15,,,,,
NE,2024-10-16,,,,,
NE,2024-10-17,,,,,
NE,2024-10-18,,,,,
NE,2024-10-19,,,,,
NE,2024-10-20,,,,,
NE,2024-10-21,,,,,
NE,2024-10-22,,,,,
NE,2024-10-23,,,,,
NE,2024-10-24,,,,,
NE,2024-10-25,,,,,
NE,2024-10-26,,,,,
NE,2024-10-27,,,,,
NE,2024-10-28,,,,,
NE,2024-10-29,,,,,
NE,2024-10-30,,,,,
NE,2024-10-31,,,,,
NE,2024-11-01,,,,,
NE,2024-11-02,,,,,
NE,2024-11-03,,,,,
NE,2024-11-04,,,,,
NE,2024-11-05,,,,,
NE,2024-11-06,,,,,
NE,2024-11-07,,,,,
NE,2024-11-08,,,,,
NE,2024-11-09,,,,,
NE,2024-11-10,,,,,
NE,2024-11-11,,,,,
NE,2024-11-12,,,,,
NE,2024-11-13,,,,,
NE,2024-11-14,,,,,
NE,2024-11-15,,,,,
NE,2024-11-16,,,,,
NE,2024-11-17,,,,,
NE,2024-11-18,,,,,
NE,2024-11-19,,,,,
NE,2024-11-20,,,,,
NE,2024-11-21,,,,,
NE,2024-11-22,,,,,
NE,2024-11-23,,,,,
NE,2024-11-24,,,,,
NE,2024-11-25,,,,,
NE,2024-11-26,,,,,
NE,2024-11-27,,,,,
NE,2024-11-28,,,,,
NE,2024-11-29,,,,,
NE,2024-11-30,,,,,
NE,2024-12-01,,,,,
NE,2024-12-02,,,,,
NE,2024-12-03,,,,,
NE,2024-12-04,,,,,
NE,2024-12-05,,,,,
NE,2024-12-06,,,,,
NE,2024-12-07,,,,,
NE,2024-12-08,,,,,
NE,2024-12-09,,,,,
NE,2024-12-10,,,,,
NE,2024-12-11,,,,,
NE,2024-12-12,,,,,
NE,2024-12-13,,,,,
NE,2024-12-14,,,,,
NE,2024-12-15,,,,,
NE,2024-12-16,,,,,
NE,2024-12-17,,,,,
NE,2024-12-18,,,,,
NE,2024-12-19,,,,,
NE,2024-12-20,,,,,
NE,2024-12-21,,,,,
NE,2024-12-22,,,,,
NE,2024-12-23,,,,,
NE,2024-12-24,,,,,
NE,2024-12-25,,,,,
NE,2024-12-26,,,,,
NE,2024-12-27,,,,,
NE,2024-12-28,,,,,
NE,2024-12-29,,,,,
NE,2024-12-30,,,,,
NE,2024-12-31,,,,,
NE,2025-01-01,99.0,,,,99.0
NE,2025-01-02,87.0,,,,87.0
NE,2025-01-03,120.0,,,,120.0
NE,2025-01-04,84.0,,,,84.0
NE,2025-01-05,78.0,,,,78.0
NE,2025-01-06,27.0,,,,27.0
NE,2025-01-07,29.0,,,,29.0
NE,2025-01-08,38.0,,,,38.0
NE,2025-01-09,59.0,,,,59.0
NE,2025-01-10,45.0,,,,45.0
NE,2025-01-11,69.0,,,,69.0
NE,2025-01-12,86.0,,,,86.0
NE,2025-01-13,35.0,,,,35.0
NE,2025-01-14,77.0,,,,77.0
NE,2025-01-15,61.0,,,,61.0
NE,2025-01-16,70.0,,,,70.0
NE,2025-01-17,153.0,,,,153.0
NE,2025-01-18,134.0,,,,134.0
NE,2025-01-19,67.0,,,,67.0
NE,2025-01-20,36.0,,,,36.0
NE,2025-01-21,28.0,,,,28.0
NE,2025-01-22,73.0,,,,73.0
NE,2025-01-23,99.0,,,,99.0
NE,2025-01-24,64.0,,,,64.0
NE,2025-01-25,152.0,,,,152.0
NE,2025-01-26,86.0,,,,86.0
NE,2025-01-27,57.0,,,,57.0
NE,2025-01-28,60.0,,,,60.0
NE,2025-01-29,100.0,,,,100.0
NE,2025-01-30,94.0,,,,94.0
NE,2025-01-31,76.0,,,,76.0
NE,2025-02-01,,,,,
NE,2025-02-02,97.0,,,,97.0
NE,2025-02-03,101.0,,,,101.0
NE,2025-02-04,76.0,,,,76.0
NE,2025-02-05,83.0,,,,83.0
NE,2025-02-06,91.0,,,,91.0
NE,2025-02-07,107.0,,,,107.0
NE,2025-02-08,112.0,,,,112.0
NE,2025-02-09,102.0,,,,102.0
NE,2025-02-10,82.0,,,,82.0
NE,2025-02-11,89.0,,,,89.0
NE,2025-02-12,82.0,,,,82.0
NE,2025-02-13,52.0,,,,52.0
NE,2025-02-14,,,,,
NE,2025-02-15,127.0,,,,127.0
NE,2025-02-16,71.0,,,,71.0
NE,2025-02-17,59.0,,,,59.0
NE,2025-02-18,101.0,,,,101.0
NE,2025-02-19,63.0,,,,63.0
NE,2025-02-20,50.0,,,,50.0
NE,2025-02-21,83.0,,,,83.0
NE,2025-02-22,,,,,
NE,2025-02-23,,,,,
NE,2025-02-24,,,,,
NE,2025-02-25,90.0,,,,90.0
NE,2025-02-26,83.0,,,,83.0
NE,2025-02-27,63.0,,,,63.0
NE,2025-02-28,67.0,,,,67.0
NE,2025-03-01,106.0,,,,106.0
NE,2025-03-02,68.0,,,,68.0
NE,2025-03-03,80.0,,,,80.0
NE,2025-03-04,88.0,,,,88.0
NE,2025-03-05,116.0,,,,116.0
NE,2025-03-06,100.0,,,,100.0
NE,2025-03-07,96.0,,,,96.0
NE,2025-03-08,77.0,,,,77.0
NE,2025-03-09,35.0,,,,35.0
NE,2025-03-10,35.0,,,,35.0
NE,2025-03-11,76.0,,,,76.0
NE,2025-03-12,54.0,,,,54.0
NE,2025-03-13,59.0,,,,59.0
NE,2025-03-14,63.0,,,,63.0
NE,2025-03-15,74.0,,,,74.0
NE,2025-03-16,71.0,,,,71.0
NE,2025-03-17,68.0,,,,68.0
NE,2025-03-18,63.0,,,,63.0
NE,2025-03-19,156.0,,,,156.0
NE,2025-03-20,68.0,,,,68.0
NE,2025-03-21,59.0,,,,59.0
NE,2025-03-22,63.0,,,,63.0
NE,2025-03-23,82.0,,,,82.0
NE,2025-03-24,74.0,,,,74.0
NE,2025-03-25,63.0,,,,63.0
NE,2025-03-26,63.0,,,,63.0
NE,2025-03-27,32.0,,,,32.0
NE,2025-03-28,57.0,,,,57.0
NE,2025-03-29,73.0,,,,73.0
NE,2025-03-30,64.0,,,,64.0
NE,2025-03-31,77.0,,,,77.0
NE,2025-04-01,91.0,,,,91.0
NE,2025-04-02,80.0,,,,80.0
NE,2025-04-03,74.0,,,,74.0
NE,2025-04-04,66.0,,,,66.0
NE,2025-04-05,52.0,,,,52.0
NE,2025-04-06,20.0,,,,20.0
NE,2025-04-07,38.0,,,,38.0
NE,2025-04-08,58.0,,,,58.0
NE,2025-04-09,55.0,,,,55.0
NE,2025-04-10,64.0,,,,64.0
NE,2025-04-11,55.0,,,,55.0
NE,2025-04-12,54.0,,,,54.0
NE,2025-04-13,,,,,
NE,2025-04-14,67.0,,,,67.0
NE,2025-04-15,63.0,,,,63.0
NE,2025-04-16,62.0,,,,62.0
NE,2025-04-17,64.0,,,,64.0
NE,2025-04-18,71.0,,,,71.0
NE,2025-04-19,87.0,,,,87.0
NE,2025-04-20,65.0,,,,65.0
NE,2025-04-21,61.0,,,,61.0
NE,2025-04-22,63.0,,,,63.0
NE,2025-04-23,77.0,,,,77.0
NE,2025-04-24,67.0,,,,67.0
NE,2025-04-25,82.0,,,,82.0
NE,2025-04-26,81.0,,,,81.0
NE,2025-04-27,65.0,,,,65.0
NE,2025-04-28,71.0,,,,71.0
NE,2025-04-29,60.0,,,,60.0
NE,2025-04-30,63.0,,,,63.0
NE,2025-05-01,70.0,,,,70.0
NE,2025-05-02,70.0,,,,70.0
NE,2025-05-03,31.0,,,,31.0
NE,2025-05-04,43.0,,,,43.0
NE,2025-05-05,65.0,,,,65.0
NE,2025-05-06,74.0,,,,74.0
NE,2025-05-07,62.0,,,,62.0
NE,2025-05-08,58.0,,,,58.0
NE,2025-05-09,36.0,,,,36.0
NE,2025-05-10,63.0,,,,63.0
NE,2025-05-11,65.0,,,,65.0
NE,2025-05-12,58.0,,,,58.0
NE,2025-05-13,64.0,,,,64.0
NE,2025-05-14,80.0,,,,80.0
NE,2025-05-15,92.0,,,,92.0
NE,2025-05-16,107.0,,,,107.0
NE,2025-05-17,103.0,,,,103.0
NE,2025-05-18,103.0,,,,103.0
NE,2025-05-19,86.0,,,,86.0
NE,2025-05-20,,,,,
NE,2025-05-21,,,,,
NE,2025-05-22,52.0,,,,52.0
NE,2025-05-23,67.0,,,,67.0
NE,2025-05-24,67.0,,,,67.0
NE,2025-05-25,64.0,,,,64.0
NE,2025-05-26,70.0,,,,70.0
NE,2025-05-27,79.0,,,,79.0
NE,2025-05-28,67.0,,,,67.0
NE,2025-05-29,57.0,,,,57.0
NE,2025-05-30,55.0,,,,55.0
NE,2025-05-31,62.0,,,,62.0
NE,2025-06-01,55.0,,,,55.0
NE,2025-06-02,58.0,,,,58.0
NE,2025-06-03,75.0,,,,75.0
NE,2025-06-04,68.0,,,,68.0
NE,2025-06-05,52.0,,,,52.0
NE,2025-06-06,52.0,,,,52.0
NE,2025-06-07,66.0,,,,66.0
NE,2025-06-08,60.0,,,,60.0
NE,2025-06-09,66.0,,,,66.0
NE,2025-06-10,74.0,,,,74.0
NE,2025-06-11,38.0,,,,38.0
NE,2025-06-12,62.0,,,,62.0
NE,2025-06-13,59.0,,,,59.0
NE,2025-06-14,65.0,,,,65.0
NE,2025-06-15,61.0,,,,61.0
NE,2025-06-16,39.0,,,,39.0
NE,2025-06-17,25.0,,,,25.0
NE,2025-06-18,31.0,,,,31.0
NE,2025-06-19,32.0,,,,32.0
NE,2025-06-20,37.0,,,,37.0
NE,2025-06-21,32.0,,,,32.0
NE,2025-06-22,32.0,,,,32.0
NE,2025-06-23,40.0,,,,40.0
NE,2025-06-24,37.0,,,,37.0
NE,2025-06-25,40.0,,,,40.0
NE,2025-06-26,37.0,,,,37.0
NE,2025-06-27,37.0,,,,37.0
NE,2025-06-28,39.0,,,,39.0
NE,2025-06-29,37.0,,,,37.0
NE,2025-06-30,24.0,,,,24.0
NO2,2020-01-01,,,18.0,,18.0
NO2,2020-01-02,,,16.0,,16.0
NO2,2020-01-03,,,16.0,,16.0
NO2,2020-01-04,,,20.0,,20.0
NO2,2020-01-05,,,25.0,,25.0
NO2,2020-01-06,,,26.0,,26.0
NO2,2020-01-07,,,22.0,,22.0
NO2,2020-01-08,,,17.0,,17.0
NO2,2020-01-09,,,25.0,,25.0
NO2,2020-01-10,,,26.0,,26.0
NO2,2020-01-11,,,23.0,,23.0
NO2,2020-01-12,,,23.0,,23.0
NO2,2020-01-13,,,26.0,,26.0
NO2,2020-01-14,,,27.0,,27.0
NO2,2020-01-15,,,25.0,,25.0
NO2,2020-01-16,,,26.0,,26.0
NO2,2020-01-17,,,17.0,,17.0
NO2,2020-01-18,,,20.0,,20.0
NO2,2020-01-19,,,16.0,,16.0
NO2,2020-01-20,,,16.0,,16.0
NO2,2020-01-21,,,15.0,,15.0
NO2,2020-01-22,,,23.0,,23.0
NO2,2020-01-23,,,23.0,,23.0
NO2,2020-01-24,,,18.0,,18.0
NO2,2020-01-25,,,23.0,,23.0
NO2,2020-01-26,,,23.0,,23.0
NO2,2020-01-27,,,20.0,,20.0
NO2,2020-01-28,,,19.0,,19.0
NO2,2020-01-29,,,18.0,,18.0
NO2,2020-01-30,,,18.0,,18.0
NO2,2020-01-31,,,22.0,,22.0
NO2,2020-02-01,,,24.0,,24.0
NO2,2020-02-02,,,28.0,,28.0
NO2,2020-02-03,,,25.0,,25.0
NO2,2020-02-04,,,32.0,,32.0
NO2,2020-02-05,,,36.0,,36.0
NO2,2020-02-06,,,20.0,,20.0
NO2,2020-02-07,,,26.0,,26.0
NO2,2020-02-08,,,28.0,,28.0
NO2,2020-02-09,,,24.0,,24.0
NO2,2020-02-10,,,48.0,,48.0
NO2,2020-02-11,,,7.0,,7.0
NO2,2020-02-12,,,7.0,,7.0
NO2,2020-02-13,,,9.0,,9.0
NO2,2020-02-14,,,5.0,,5.0
NO2,2020-02-15,,,10.0,,10.0
NO2,2020-02-16,,,12.0,,12.0
NO2,2020-02-17,,,12.0,,12.0
NO2,2020-02-18,,,12.0,,12.0
NO2,2020-02-19,,,6.0,,6.0
NO2,2020-02-20,,,8.0,,8.0
NO2,2020-02-21,,,7.0,,7.0
NO2,2020-02-22,,,7.0,,7.0
NO2,2020-02-23,,,15.0,,15.0
NO2,2020-02-24,,,18.0,,18.0
NO2,2020-02-25,,,8.0,,8.0
NO2,2020-02-26,,,3.0,,3.0
NO2,2020-02-27,,,8.0,,8.0
NO2,2020-02-28,,,8.0,,8.0
NO2,2020-02-29,,,8.0,,8.0
NO2,2020-03-01,,,10.0,,10.0
NO2,2020-03-02,,,9.0,,9.0
NO2,2020-03-03,,,15.0,,15.0
NO2,2020-03-04,,,12.0,,12.0
NO2,2020-03-05,,,9.0,,9.0
NO2,2020-03-06,,,8.0,,8.0
NO2,2020-03-07,,,8.0,,8.0
NO2,2020-03-08,,,9.0,,9.0
NO2,2020-03-09,,,10.0,,10.0
NO2,2020-03-10,,,12.0,,12.0
NO2,2020-03-11,,,10.0,,10.0
NO2,2020-03-12,,,15.0,,15.0
NO2,2020-03-13,,,12.0,,12.0
NO2,2020-03-14,,,9.0,,9.0
NO2,2020-03-15,,,9.0,,9.0
NO2,2020-03-16,,,9.0,,9.0
NO2,2020-03-17,,,11.0,,11.0
NO2,2020-03-18,,,10.0,,10.0
NO2,2020-03-19,,,12.0,,12.0
NO2,2020-03-20,,,9.0,,9.0
NO2,2020-03-21,,,10.0,,10.0
NO2,2020-03-22,,,11.0,,11.0
NO2,2020-03-23,,,14.0,,14.0
NO2,2020-03-24,,,14.0,,14.0
NO2,2020-03-25,,,11.0,,11.0
NO2,2020-03-26,,,10.0,,10.0
NO2,2020-03-27,,,12.0,,12.0
NO2,2020-03-28,,,9.0,,9.0
NO2,2020-03-29,,,8.0,,8.0
NO2,2020-03-30,,,12.0,,12.0
NO2,2020-03-31,,,14.0,,14.0
NO2,2020-04-01,,,22.0,,22.0
NO2,2020-04-02,,,36.0,,36.0
NO2,2020-04-03,,,28.0,,28.0
NO2,2020-04-04,,,17.0,,17.0
NO2,2020-04-05,,,11.0,,11.0
NO2,2020-04-06,,,18.0,,18.0
NO2,2020-04-07,,,31.0,,31.0
NO2,2020-04-08,,,40.0,,40.0
NO2,2020-04-09,,,44.0,,44.0
NO2,2020-04-10,,,36.0,,36.0
NO2,2020-04-11,,,8.0,,8.0
NO2,2020-04-12,,,8.0,,8.0
NO2,2020-04-13,,,7.0,,7.0
NO2,2020-04-14,,,5.0,,5.0
NO2,2020-04-15,,,6.0,,6.0
NO2,2020-04-16,,,6.0,,6.0
NO2,2020-04-17,,,6.0,,6.0
NO2,2020-04-18,,,6.0,,6.0
NO2,2020-04-19,,,7.0,,7.0
NO2,2020-04-20,,,9.0,,9.0
NO2,2020-04-21,,,8.0,,8.0
NO2,2020-04-22,,,7.0,,7.0
NO2,2020-04-23,,,7.0,,7.0
NO2,2020-04-24,,,7.0,,7.0
NO2,2020-04-25,,,8.0,,8.0
NO2,2020-04-26,,,6.0,,6.0
NO2,2020-04-27,,,6.0,,6.0
NO2,2020-04-28,,,6.0,,6.0
NO2,2020-04-29,,,5.0,,5.0
NO2,2020-04-30,,,5.0,,5.0
NO2,2020-05-01,,,6.0,,6.0
NO2,2020-05-02,,,6.0,,6.0
NO2,2020-05-03,,,5.0,,5.0
NO2,2020-05-04,,,6.0,,6.0
NO2,2020-05-05,,,7.0,,7.0
NO2,2020-05-06,,,5.0,,5.0
NO2,2020-05-07,,,5.0,,5.0
NO2,2020-05-08,,,6.0,,6.0
NO2,2020-05-09,,,6.0,,6.0
NO2,2020-05-10,,,6.0,,6.0
NO2,2020-05-11,,,3.0,,3.0
NO2,2020-05-12,,,5.0,,5.0
NO2,2020-05-13,,,5.0,,5.0
NO2,2020-05-14,,,5.0,,5.0
NO2,2020-05-15,,,5.0,,5.0
NO2,2020-05-16,,,5.0,,5.0
NO2,2020-05-17,,,5.0,,5.0
NO2,2020-05-18,,,7.0,,7.0
NO2,2020-05-19,,,6.0,,6.0
NO2,2020-05-20,,,6.0,,6.0
NO2,2020-05-21,,,5.0,,5.0
NO2,2020-05-22,,,6.0,,6.0
NO2,2020-05-23,,,6.0,,6.0
NO2,2020-05-24,,,5.0,,5.0
NO2,2020-05-25,,,5.0,,5.0
NO2,2020-05-26,,,5.0,,5.0
NO2,2020-05-27,,,6.0,,6.0
NO2,2020-05-28,,,5.0,,5.0
NO2,2020-05-29,,,5.0,,5.0
NO2,2020-05-30,,,6.0,,6.0
NO2,2020-05-31,,,5.0,,5.0
NO2,2020-06-01,,,3.0,,3.0
NO2,2020-06-02,,,3.0,,3.0
NO2,2020-06-03,,,3.0,,3.0
NO2,2020-06-04,,,2.0,,2.0
NO2,2020-06-05,,,2.0,,2.0
NO2,2020-06-06,,,2.0,,2.0
NO2,2020-06-07,,,3.0,,3.0
NO2,2020-06-08,,,3.0,,3.0
NO2,2020-06-09,,,6.0,,6.0
NO2,2020-06-10,,,3.0,,3.0
NO2,2020-06-11,,,5.0,,5.0
NO2,2020-06-12,,,6.0,,6.0
NO2,2020-06-13,,,6.0,,6.0
NO2,2020-06-14,,,6.0,,6.0
NO2,2020-06-15,,,3.0,,3.0
NO2,2020-06-16,,,2.0,,2.0
NO2,2020-06-17,,,3.0,,3.0
NO2,2020-06-18,,,3.0,,3.0
NO2,2020-06-19,,,5.0,,5.0
NO2,2020-06-20,,,3.0,,3.0
NO2,2020-06-21,,,3.0,,3.0
NO2,2020-06-22,,,3.0,,3.0
NO2,2020-06-23,,,3.0,,3.0
NO2,2020-06-24,,,3.0,,3.0
NO2,2020-06-25,,,3.0,,3.0
NO2,2020-06-26,,,3.0,,3.0
NO2,2020-06-27,,,9.0,,9.0
NO2,2020-06-28,,,9.0,,9.0
NO2,2020-06-29,,,6.0,,6.0
NO2,2020-06-30,,,7.0,,7.0
NO2,2020-07-01,,,7.0,,7.0
NO2,2020-07-02,,,5.0,,5.0
NO2,2020-07-03,,,5.0,,5.0
NO2,2020-07-04,,,3.0,,3.0
NO2,2020-07-05,,,5.0,,5.0
NO2,2020-07-06,,,3.0,,3.0
NO2,2020-07-07,,,2.0,,2.0
NO2,2020-07-08,,,3.0,,3.0
NO2,2020-07-09,,,5.0,,5.0
NO2,2020-07-10,,,3.0,,3.0
NO2,2020-07-11,,,3.0,,3.0
NO2,2020-07-12,,,3.0,,3.0
NO2,2020-07-13,,,5.0,,5.0
NO2,2020-07-14,,,3.0,,3.0
NO2,2020-07-15,,,3.0,,3.0
NO2,2020-07-16,,,3.0,,3.0
NO2,2020-07-17,,,3.0,,3.0
NO2,2020-07-18,,,7.0,,7.0
NO2,2020-07-19,,,7.0,,7.0
NO2,2020-07-20,,,5.0,,5.0
NO2,2020-07-21,,,6.0,,6.0
NO2,2020-07-22,,,5.0,,5.0
NO2,2020-07-23,,,3.0,,3.0
NO2,2020-07-24,,,3.0,,3.0
NO2,2020-07-25,,,6.0,,6.0
NO2,2020-07-26,,,5.0,,5.0
NO2,2020-07-27,,,3.0,,3.0
NO2,2020-07-28,,,6.0,,6.0
NO2,2020-07-29,,,5.0,,5.0
NO2,2020-07-30,,,3.0,,3.0
NO2,2020-07-31,,,,,
NO2,2020-08-01,,,,,
NO2,2020-08-02,,,,,
NO2,2020-08-03,,,,,
NO2,2020-08-04,,,,,
NO2,2020-08-05,,,,,
NO2,2020-08-06,,,,,
NO2,2020-08-07,,,,,
NO2,2020-08-08,,,,,
NO2,2020-08-09,,,,,
NO2,2020-08-10,,,,,
NO2,2020-08-11,,,,,
NO2,2020-08-12,,,,,
NO2,2020-08-13,,,,,
NO2,2020-08-14,,,,,
NO2,2020-08-15,,,,,
NO2,2020-08-16,,,,,
NO2,2020-08-17,,,,,
NO2,2020-08-18,,,,,
NO2,2020-08-19,,,,,
NO2,2020-08-20,,,,,
NO2,2020-08-21,,,,,
NO2,2020-08-22,,,,,
NO2,2020-08-23,,,,,
NO2,2020-08-24,,,,,
NO2,2020-08-25,,,,,
NO2,2020-08-26,,,,,
NO2,2020-08-27,,,,,
NO2,2020-08-28,,,,,
NO2,2020-08-29,,,,,
NO2,2020-08-30,,,,,
NO2,2020-08-31,,,,,
NO2,2020-09-01,,,,,
NO2,2020-09-02,,,,,
NO2,2020-09-03,,,,,
NO2,2020-09-04,,,,,
NO2,2020-09-05,,,,,
NO2,2020-09-06,,,,,
NO2,2020-09-07,,,,,
NO2,2020-09-08,,,,,
NO2,2020-09-09,,,,,
NO2,2020-09-10,,,,,
NO2,2020-09-11,,,,,
NO2,2020-09-12,,,,,
NO2,2020-09-13,,,,,
NO2,2020-09-14,,,,,
NO2,2020-09-15,,,,,
NO2,2020-09-16,,,,,
NO2,2020-09-17,,,,,
NO2,2020-09-18,,,,,
NO2,2020-09-19,,,,,
NO2,2020-09-20,,,,,
NO2,2020-09-21,,,,,
NO2,2020-09-22,,,,,
NO2,2020-09-23,,,,,
NO2,2020-09-24,,,,,
NO2,2020-09-25,,,,,
NO2,2020-09-26,,,,,
NO2,2020-09-27,,,,,
NO2,2020-09-28,,,,,
NO2,2020-09-29,,,,,
NO2,2020-09-30,,,,,
NO2,2020-10-01,,,,,
NO2,2020-10-02,,,,,
NO2,2020-10-03,,,,,
NO2,2020-10-04,,,,,
NO2,2020-10-05,,,,,
NO2,2020-10-06,,,,,
NO2,2020-10-07,,,,,
NO2,2020-10-08,,,,,
NO2,2020-10-09,,,,,
NO2,2020-10-10,,,,,
NO2,2020-10-11,,,,,
NO2,2020-10-12,,,,,
NO2,2020-10-13,,,,,
NO2,2020-10-14,,,,,
NO2,2020-10-15,,,,,
NO2,2020-10-16,,,,,
NO2,2020-10-17,,,,,
NO2,2020-10-18,,,,,
NO2,2020-10-19,,,,,
NO2,2020-10-20,,,,,
NO2,2020-10-21,,,,,
NO2,2020-10-22,,,,,
NO2,2020-10-23,,,,,
NO2,2020-10-24,,,,,
NO2,2020-10-25,,,,,
NO2,2020-10-26,,,,,
NO2,2020-10-27,,,,,
NO2,2020-10-28,,,,,
NO2,2020-10-29,,,,,
NO2,2020-10-30,,,,,
NO2,2020-10-31,,,,,
NO2,2020-11-01,,,,,
NO2,2020-11-02,,,,,
NO2,2020-11-03,,,,,
NO2,2020-11-04,,,,,
NO2,2020-11-05,,,,,
NO2,2020-11-06,,,,,
NO2,2020-11-07,,,,,
NO2,2020-11-08,,,,,
NO2,2020-11-09,,,,,
NO2,2020-11-10,,,,,
NO2,2020-11-11,,,,,
NO2,2020-11-12,,,,,
NO2,2020-11-13,,,,,
NO2,2020-11-14,,,,,
NO2,2020-11-15,,,,,
NO2,2020-11-16,,,,,
NO2,2020-11-17,,,,,
NO2,2020-11-18,,,,,
NO2,2020-11-19,,,,,
NO2,2020-11-20,,,,,
NO2,2020-11-21,,,,,
NO2,2020-11-22,,,,,
NO2,2020-11-23,,,,,
NO2,2020-11-24,,,,,
NO2,2020-11-25,,,,,
NO2,2020-11-26,,,,,
NO2,2020-11-27,,,,,
NO2,2020-11-28,,,,,
NO2,2020-11-29,,,,,
NO2,2020-11-30,,,,,
NO2,2020-12-01,,,,,
NO2,2020-12-02,,,,,
NO2,2020-12-03,,,,,
NO2,2020-12-04,,,,,
NO2,2020-12-05,,,,,
NO2,2020-12-06,,,,,
NO2,2020-12-07,,,,,
NO2,2020-12-08,,,,,
NO2,2020-12-09,,,,,
NO2,2020-12-10,,,,,
NO2,2020-12-11,,,,,
NO2,2020-12-12,,,,,
NO2,2020-12-13,,,,,
NO2,2020-12-14,,,,,
NO2,2020-12-15,,,,,
NO2,2020-12-16,,,,,
NO2,2020-12-17,,,,,
NO2,2020-12-18,,,,,
NO2,2020-12-19,,,,,
NO2,2020-12-20,,,,,
NO2,2020-12-21,,,,,
NO2,2020-12-22,,,,,
NO2,2020-12-23,,,,,
NO2,2020-12-24,,,,,
NO2,2020-12-25,,,,,
NO2,2020-12-26,,,,,
NO2,2020-12-27,,,,,
NO2,2020-12-28,,,,,
NO2,2020-12-29,,,,,
NO2,2020-12-30,,,,,
NO2,2020-12-31,,,,,
NO2,2021-01-01,,,,,
NO2,2021-01-02,,,,,
NO2,2021-01-03,,,,,
NO2,2021-01-04,,,,,
NO2,2021-01-05,,,,,
NO2,2021-01-06,,,,,
NO2,2021-01-07,,,,,
NO2,2021-01-08,,,,,
NO2,2021-01-09,,,,,
NO2,2021-01-10,,,,,
NO2,2021-01-11,,,,,
NO2,2021-01-12,,,,,
NO2,2021-01-13,,,,,
NO2,2021-01-14,,,,,
NO2,2021-01-15,,,,,
NO2,2021-01-16,,,,,
NO2,2021-01-17,,,,,
NO2,2021-01-18,,,,,
NO2,2021-01-19,,,,,
NO2,2021-01-20,,,,,
NO2,2021-01-21,,,,,
NO2,2021-01-22,,,,,
NO2,2021-01-23,,,,,
NO2,2021-01-24,,,,,
NO2,2021-01-25,,,,,
NO2,2021-01-26,,,,,
NO2,2021-01-27,,,,,
NO2,2021-01-28,,,,,
NO2,2021-01-29,,,,,
NO2,2021-01-30,,,,,
NO2,2021-01-31,,,,,
NO2,2021-02-01,,,,,
NO2,2021-02-02,,,,,
NO2,2021-02-03,,,,,
NO2,2021-02-04,,,,,
NO2,2021-02-05,,,,,
NO2,2021-02-06,,,,,
NO2,2021-02-07,,,,,
NO2,2021-02-08,,,,,
NO2,2021-02-09,,,,,
NO2,2021-02-10,,,,,
NO2,2021-02-11,,,,,
NO2,2021-02-12,,,,,
NO2,2021-02-13,,,,,
NO2,2021-02-14,,,,,
NO2,2021-02-15,,,,,
NO2,2021-02-16,,,,,
NO2,2021-02-17,,,,,
NO2,2021-02-18,,,,,
NO2,2021-02-19,,,,,
NO2,2021-02-20,,,,,
NO2,2021-02-21,,,,,
NO2,2021-02-22,,,,,
NO2,2021-02-23,,,,,
NO2,2021-02-24,,,,,
NO2,2021-02-25,,,,,
NO2,2021-02-26,,,,,
NO2,2021-02-27,,,,,
NO2,2021-02-28,,,,,
NO2,2021-03-01,,,,,
NO2,2021-03-02,,,,,
NO2,2021-03-03,,,,,
NO2,2021-03-04,,,,,
NO2,2021-03-05,,,,,
NO2,2021-03-06,,,,,
NO2,2021-03-07,,,,,
NO2,2021-03-08,,,,,
NO2,2021-03-09,,,,,
NO2,2021-03-10,,,,,
NO2,2021-03-11,,,,,
NO2,2021-03-12,,,,,
NO2,2021-03-13,,,,,
NO2,2021-03-14,,,,,
NO2,2021-03-15,,,,,
NO2,2021-03-16,,,,,
NO2,2021-03-17,,,,,
NO2,2021-03-18,,,,,
NO2,2021-03-19,,,,,
NO2,2021-03-20,,,,,
NO2,2021-03-21,,,,,
NO2,2021-03-22,,,,,
NO2,2021-03-23,,,,,
NO2,2021-03-24,,,,,
NO2,2021-03-25,,,,,
NO2,2021-03-26,,,,,
NO2,2021-03-27,,,,,
NO2,2021-03-28,,,,,
NO2,2021-03-29,,,,,
NO2,2021-03-30,,,,,
NO2,2021-03-31,,,,,
NO2,2021-04-01,,,,,
NO2,2021-04-02,,,,,
NO2,2021-04-03,,,,,
NO2,2021-04-04,,,,,
NO2,2021-04-05,,,,,
NO2,2021-04-06,,,,,
NO2,2021-04-07,,,,,
NO2,2021-04-08,,,,,
NO2,2021-04-09,,,,,
NO2,2021-04-10,,,,,
NO2,2021-04-11,,,,,
NO2,2021-04-12,,,,,
NO2,2021-04-13,,,,,
NO2,2021-04-14,,,,,
NO2,2021-04-15,,,,,
NO2,2021-04-16,,,,,
NO2,2021-04-17,,,,,
NO2,2021-04-18,,,,,
NO2,2021-04-19,,,,,
NO2,2021-04-20,,,,,
NO2,2021-04-21,,,,,
NO2,2021-04-22,,,,,
NO2,2021-04-23,,,,,
NO2,2021-04-24,,,,,
NO2,2021-04-25,,,,,
NO2,2021-04-26,,,,,
NO2,2021-04-27,,,,,
NO2,2021-04-28,,,,,
NO2,2021-04-29,,,,,
NO2,2021-04-30,,,,,
NO2,2021-05-01,,,,,
NO2,2021-05-02,,,,,
NO2,2021-05-03,,,,,
NO2,2021-05-04,,,,,
NO2,2021-05-05,,,,,
NO2,2021-05-06,,,,,
NO2,2021-05-07,,,,,
NO2,2021-05-08,,,,,
NO2,2021-05-09,,,,,
NO2,2021-05-10,,,,,
NO2,2021-05-11,,,,,
NO2,2021-05-12,,,,,
NO2,2021-05-13,,,,,
NO2,2021-05-14,,,,,
NO2,2021-05-15,,,,,
NO2,2021-05-16,,,,,
NO2,2021-05-17,,,,,
NO2,2021-05-18,,,,,
NO2,2021-05-19,,,,,
NO2,2021-05-20,,,,,
NO2,2021-05-21,,,,,
NO2,2021-05-22,,,,,
NO2,2021-05-23,,,,,
NO2,2021-05-24,,,,,
NO2,2021-05-25,,,,,
NO2,2021-05-26,,,,,
NO2,2021-05-27,,,,,
NO2,2021-05-28,,,,,
NO2,2021-05-29,,,,,
NO2,2021-05-30,,,,,
NO2,2021-05-31,,,,,
NO2,2021-06-01,,,,,
NO2,2021-06-02,,,,,
NO2,2021-06-03,,,,,
NO2,2021-06-04,,,,,
NO2,2021-06-05,,,,,
NO2,2021-06-06,,,,,
NO2,2021-06-07,,,,,
NO2,2021-06-08,,,,,
NO2,2021-06-09,,,,,
NO2,2021-06-10,,,,,
NO2,2021-06-11,,,,,
NO2,2021-06-12,,,,,
NO2,2021-06-13,,,,,
NO2,2021-06-14,,,,,
NO2,2021-06-15,,,,,
NO2,2021-06-16,,,,,
NO2,2021-06-17,,,,,
NO2,2021-06-18,,,,,
NO2,2021-06-19,,,,,
NO2,2021-06-20,,,,,
NO2,2021-06-21,,,,,
NO2,2021-06-22,,,,,
NO2,2021-06-23,,,,,
NO2,2021-06-24,,,,,
NO2,2021-06-25,,,,,
NO2,2021-06-26,,,,,
NO2,2021-06-27,,,,,
NO2,2021-06-28,,,,,
NO2,2021-06-29,,,,,
NO2,2021-06-30,,,,,
NO2,2021-07-01,,,,,
NO2,2021-07-02,,,,,
NO2,2021-07-03,,,,,
NO2,2021-07-04,,,,,
NO2,2021-07-05,,,,,
NO2,2021-07-06,,,,,
NO2,2021-07-07,,,,,
NO2,2021-07-08,,,,,
NO2,2021-07-09,,,,,
NO2,2021-07-10,,,,,
NO2,2021-07-11,,,,,
NO2,2021-07-12,,,,,
NO2,2021-07-13,,,,,
NO2,2021-07-14,,,,,
NO2,2021-07-15,,,,,
NO2,2021-07-16,,,,,
NO2,2021-07-17,,,,,
NO2,2021-07-18,,,,,
NO2,2021-07-19,,,,,
NO2,2021-07-20,,,,,
NO2,2021-07-21,,,,,
NO2,2021-07-22,,,,,
NO2,2021-07-23,,,,,
NO2,2021-07-24,,,,,
NO2,2021-07-25,,,,,
NO2,2021-07-26,,,,,
NO2,2021-07-27,,,,,
NO2,2021-07-28,,,,,
NO2,2021-07-29,,,,,
NO2,2021-07-30,,,,,
NO2,2021-07-31,,,,,
NO2,2021-08-01,,,,,
NO2,2021-08-02,,,,,
NO2,2021-08-03,,,,,
NO2,2021-08-04,,,,,
NO2,2021-08-05,,,,,
NO2,2021-08-06,,,,,
NO2,2021-08-07,,,,,
NO2,2021-08-08,,,,,
NO2,2021-08-09,,,,,
NO2,2021-08-10,,,,,
NO2,2021-08-11,,,,,
NO2,2021-08-12,,,,,
NO2,2021-08-13,,,,,
NO2,2021-08-14,,,,,
NO2,2021-08-15,,,,,
NO2,2021-08-16,,,,,
NO2,2021-08-17,,,,,
NO2,2021-08-18,,,,,
NO2,2021-08-19,,,,,
NO2,2021-08-20,,,,,
NO2,2021-08-21,,,,,
NO2,2021-08-22,,,,,
NO2,2021-08-23,,,,,
NO2,2021-08-24,,,,,
NO2,2021-08-25,,,,,
NO2,2021-08-26,,,,,
NO2,2021-08-27,,,,,
NO2,2021-08-28,,,,,
NO2,2021-08-29,,,,,
NO2,2021-08-30,,,,,
NO2,2021-08-31,,,,,
NO2,2021-09-01,,,,,
NO2,2021-09-02,,,,,
NO2,2021-09-03,,,,,
NO2,2021-09-04,,,,,
NO2,2021-09-05,,,,,
NO2,2021-09-06,,,,,
NO2,2021-09-07,,,,,
NO2,2021-09-08,,,,,
NO2,2021-09-09,,,,,
NO2,2021-09-10,,,,,
NO2,2021-09-11,,,,,
NO2,2021-09-12,,,,,
NO2,2021-09-13,,,,,
NO2,2021-09-14,,,,,
NO2,2021-09-15,,,,,
NO2,2021-09-16,,,,,
NO2,2021-09-17,,,,,
NO2,2021-09-18,,,,,
NO2,2021-09-19,,,,,
NO2,2021-09-20,,,,,
NO2,2021-09-21,,,,,
NO2,2021-09-22,,,,,
NO2,2021-09-23,,,,,
NO2,2021-09-24,,,,,
NO2,2021-09-25,,,,,
NO2,2021-09-26,,,,,
NO2,2021-09-27,,,,,
NO2,2021-09-28,,,,,
NO2,2021-09-29,,,,,
NO2,2021-09-30,,,,,
NO2,2021-10-01,,,,,
NO2,2021-10-02,,,,,
NO2,2021-10-03,,,,,
NO2,2021-10-04,,,,,
NO2,2021-10-05,,,,,
NO2,2021-10-06,,,,,
NO2,2021-10-07,,,,,
NO2,2021-10-08,,,,,
NO2,2021-10-09,,,,,
NO2,2021-10-10,,,,,
NO2,2021-10-11,,,,,
NO2,2021-10-12,,,,,
NO2,2021-10-13,,,,,
NO2,2021-10-14,,,,,
NO2,2021-10-15,,,,,
NO2,2021-10-16,,,,,
NO2,2021-10-17,,,,,
NO2,2021-10-18,,,,,
NO2,2021-10-19,,,,,
NO2,2021-10-20,,,,,
NO2,2021-10-21,,,,,
NO2,2021-10-22,,,,,
NO2,2021-10-23,,,,,
NO2,2021-10-24,,,,,
NO2,2021-10-25,,,,,
NO2,2021-10-26,,,,,
NO2,2021-10-27,,,,,
NO2,2021-10-28,,,,,
NO2,2021-10-29,,,,,
NO2,2021-10-30,,,,,
NO2,2021-10-31,,,,,
NO2,2021-11-01,,,,,
NO2,2021-11-02,,,,,
NO2,2021-11-03,,,,,
NO2,2021-11-04,,,,,
NO2,2021-11-05,,,,,
NO2,2021-11-06,,,,,
NO2,2021-11-07,,,,,
NO2,2021-11-08,,,,,
NO2,2021-11-09,,,,,
NO2,2021-11-10,,,,,
NO2,2021-11-11,,,,,
NO2,2021-11-12,,,,,
NO2,2021-11-13,,,,,
NO2,2021-11-14,,,,,
NO2,2021-11-15,,,,,
NO2,2021-11-16,,,,,
NO2,2021-11-17,,,,,
NO2,2021-11-18,,,,,
NO2,2021-11-19,,,,,
NO2,2021-11-20,,,,,
NO2,2021-11-21,,,,,
NO2,2021-11-22,,,,,
NO2,2021-11-23,,,,,
NO2,2021-11-24,,,,,
NO2,2021-11-25,,,,,
NO2,2021-11-26,,,,,
NO2,2021-11-27,,,,,
NO2,2021-11-28,,,,,
NO2,2021-11-29,,,,,
NO2,2021-11-30,,,,,
NO2,2021-12-01,,,,,
NO2,2021-12-02,,,,,
NO2,2021-12-03,,,,,
NO2,2021-12-04,,,,,
NO2,2021-12-05,,,,,
NO2,2021-12-06,,,,,
NO2,2021-12-07,,,,,
NO2,2021-12-08,,,,,
NO2,2021-12-09,,,,,
NO2,2021-12-10,,,,,
NO2,2021-12-11,,,,,
NO2,2021-12-12,,,,,
NO2,2021-12-13,,,,,
NO2,2021-12-14,,,,,
NO2,2021-12-15,,,,,
NO2,2021-12-16,,,,,
NO2,2021-12-17,,,,,
NO2,2021-12-18,,,,,
NO2,2021-12-19,,,,,
NO2,2021-12-20,,,,,
NO2,2021-12-21,,,,,
NO2,2021-12-22,,,,,
NO2,2021-12-23,,,,,
NO2,2021-12-24,,,,,
NO2,2021-12-25,,,,,
NO2,2021-12-26,,,,,
NO2,2021-12-27,,,,,
NO2,2021-12-28,,,,,
NO2,2021-12-29,,,,,
NO2,2021-12-30,,,,,
NO2,2021-12-31,,,,,
NO2,2022-01-01,,,,,
NO2,2022-01-02,,,,,
NO2,2022-01-03,,,,,
NO2,2022-01-04,,,,,
NO2,2022-01-05,,,,,
NO2,2022-01-06,,,,,
NO2,2022-01-07,,,,,
NO2,2022-01-08,,,,,
NO2,2022-01-09,,,,,
NO2,2022-01-10,,,,,
NO2,2022-01-11,,,,,
NO2,2022-01-12,,,,,
NO2,2022-01-13,,,,,
NO2,2022-01-14,,,,,
NO2,2022-01-15,,,,,
NO2,2022-01-16,,,,,
NO2,2022-01-17,,,,,
NO2,2022-01-18,,,,,
NO2,2022-01-19,,,,,
NO2,2022-01-20,,,,,
NO2,2022-01-21,,,,,
NO2,2022-01-22,,,,,
NO2,2022-01-23,,,,,
NO2,2022-01-24,,,,,
NO2,2022-01-25,,,,,
NO2,2022-01-26,,,,,
NO2,2022-01-27,,,,,
NO2,2022-01-28,,,,,
NO2,2022-01-29,,,,,
NO2,2022-01-30,,,,,
NO2,2022-01-31,,,,,
NO2,2022-02-01,,,,,
NO2,2022-02-02,,,,,
NO2,2022-02-03,,,,,
NO2,2022-02-04,,,,,
NO2,2022-02-05,,,,,
NO2,2022-02-06,,,,,
NO2,2022-02-07,,,,,
NO2,2022-02-08,,,,,
NO2,2022-02-09,,,,,
NO2,2022-02-10,,,,,
NO2,2022-02-11,,,,,
NO2,2022-02-12,,,,,
NO2,2022-02-13,,,,,
NO2,2022-02-14,,,,,
NO2,2022-02-15,,,,,
NO2,2022-02-16,,,,,
NO2,2022-02-17,,,,,
NO2,2022-02-18,,,,,
NO2,2022-02-19,,,,,
NO2,2022-02-20,,,,,
NO2,2022-02-21,,,,,
NO2,2022-02-22,,,,,
NO2,2022-02-23,,,,,
NO2,2022-02-24,,,,,
NO2,2022-02-25,,,,,
NO2,2022-02-26,,,,,
NO2,2022-02-27,,,,,
NO2,2022-02-28,,,,,
NO2,2022-03-01,,,,,
NO2,2022-03-02,,,,,
NO2,2022-03-03,,,,,
NO2,2022-03-04,,,,,
NO2,2022-03-05,,,,,
NO2,2022-03-06,,,,,
NO2,2022-03-07,,,,,
NO2,2022-03-08,,,,,
NO2,2022-03-09,,,,,
NO2,2022-03-10,,,,,
NO2,2022-03-11,,,,,
NO2,2022-03-12,,,,,
NO2,2022-03-13,,,,,
NO2,2022-03-14,,,,,
NO2,2022-03-15,,,,,
NO2,2022-03-16,,,,,
NO2,2022-03-17,,,,,
NO2,2022-03-18,,,,,
NO2,2022-03-19,,,,,
NO2,2022-03-20,,,,,
NO2,2022-03-21,,,,,
NO2,2022-03-22,,,,,
NO2,2022-03-23,,,,,
NO2,2022-03-24,,,,,
NO2,2022-03-25,,,,,
NO2,2022-03-26,,,,,
NO2,2022-03-27,,,,,
NO2,2022-03-28,,,,,
NO2,2022-03-29,,,,,
NO2,2022-03-30,,,,,
NO2,2022-03-31,,,,,
NO2,2022-04-01,,,,,
NO2,2022-04-02,,,,,
NO2,2022-04-03,,,,,
NO2,2022-04-04,,,,,
NO2,2022-04-05,,,,,
NO2,2022-04-06,,,,,
NO2,2022-04-07,,,,,
NO2,2022-04-08,,,,,
NO2,2022-04-09,,,,,
NO2,2022-04-10,,,,,
NO2,2022-04-11,,,,,
NO2,2022-04-12,,,,,
NO2,2022-04-13,,,,,
NO2,2022-04-14,,,,,
NO2,2022-04-15,,,,,
NO2,2022-04-16,,,,,
NO2,2022-04-17,,,,,
NO2,2022-04-18,,,,,
NO2,2022-04-19,,,,,
NO2,2022-04-20,,,,,
NO2,2022-04-21,,,,,
NO2,2022-04-22,,,,,
NO2,2022-04-23,,,,,
NO2,2022-04-24,,,,,
NO2,2022-04-25,,,,,
NO2,2022-04-26,,,,,
NO2,2022-04-27,,,,,
NO2,2022-04-28,,,,,
NO2,2022-04-29,,,,,
NO2,2022-04-30,,,,,
NO2,2022-05-01,,,,,
NO2,2022-05-02,,,,,
NO2,2022-05-03,,,,,
NO2,2022-05-04,,,,,
NO2,2022-05-05,,,,,
NO2,2022-05-06,,,,,
NO2,2022-05-07,,,,,
NO2,2022-05-08,,,,,
NO2,2022-05-09,,,,,
NO2,2022-05-10,,,,,
NO2,2022-05-11,,,,,
NO2,2022-05-12,,,,,
NO2,2022-05-13,,,,,
NO2,2022-05-14,,,,,
NO2,2022-05-15,,,,,
NO2,2022-05-16,,,,,
NO2,2022-05-17,,,,,
NO2,2022-05-18,,,,,
NO2,2022-05-19,,,,,
NO2,2022-05-20,,,,,
NO2,2022-05-21,,,,,
NO2,2022-05-22,,,,,
NO2,2022-05-23,,,,,
NO2,2022-05-24,,,,,
NO2,2022-05-25,,,,,
NO2,2022-05-26,,,,,
NO2,2022-05-27,,,,,
NO2,2022-05-28,,,,,
NO2,2022-05-29,,,,,
NO2,2022-05-30,,,,,
NO2,2022-05-31,,,,,
NO2,2022-06-01,,,,,
NO2,2022-06-02,,,,,
NO2,2022-06-03,,,,,
NO2,2022-06-04,,,,,
NO2,2022-06-05,,,,,
NO2,2022-06-06,,,,,
NO2,2022-06-07,,,,,
NO2,2022-06-08,,,,,
NO2,2022-06-09,,,,,
NO2,2022-06-10,,,,,
NO2,2022-06-11,,,,,
NO2,2022-06-12,,,,,
NO2,2022-06-13,,,,,
NO2,2022-06-14,,,,,
NO2,2022-06-15,,,,,
NO2,2022-06-16,,,,,
NO2,2022-06-17,,,,,
NO2,2022-06-18,,,,,
NO2,2022-06-19,,,,,
NO2,2022-06-20,,,,,
NO2,2022-06-21,,,,,
NO2,2022-06-22,,,,,
NO2,2022-06-23,,,,,
NO2,2022-06-24,,,,,
NO2,2022-06-25,,,,,
NO2,2022-06-26,,,,,
NO2,2022-06-27,,,,,
NO2,2022-06-28,,,,,
NO2,2022-06-29,,,,,
NO2,2022-06-30,,,,,
NO2,2022-07-01,,,,,
NO2,2022-07-02,,,,,
NO2,2022-07-03,,,,,
NO2,2022-07-04,,,,,
NO2,2022-07-05,,,,,
NO2,2022-07-06,,,,,
NO2,2022-07-07,,,,,
NO2,2022-07-08,,,,,
NO2,2022-07-09,,,,,
NO2,2022-07-10,,,,,
NO2,2022-07-11,,,,,
NO2,2022-07-12,,,,,
NO2,2022-07-13,,,,,
NO2,2022-07-14,,,,,
NO2,2022-07-15,,,,,
NO2,2022-07-16,,,,,
NO2,2022-07-17,,,,,
NO2,2022-07-18,,,,,
NO2,2022-07-19,,,,,
NO2,2022-07-20,,,,,
NO2,2022-07-21,,,,,
NO2,2022-07-22,,,,,
NO2,2022-07-23,,,,,
NO2,2022-07-24,,,,,
NO2,2022-07-25,,,,,
NO2,2022-07-26,,,,,
NO2,2022-07-27,,,,,
NO2,2022-07-28,,,,,
NO2,2022-07-29,,,,,
NO2,2022-07-30,,,,,
NO2,2022-07-31,,,,,
NO2,2022-08-01,,,,,
NO2,2022-08-02,,,,,
NO2,2022-08-03,,,,,
NO2,2022-08-04,,,,,
NO2,2022-08-05,,,,,
NO2,2022-08-06,,,,,
NO2,2022-08-07,,,,,
NO2,2022-08-08,,,,,
NO2,2022-08-09,,,,,
NO2,2022-08-10,,,,,
NO2,2022-08-11,,,,,
NO2,2022-08-12,,,,,
NO2,2022-08-13,,,,,
NO2,2022-08-14,,,,,
NO2,2022-08-15,,,,,
NO2,2022-08-16,,,,,
NO2,2022-08-17,,,,,
NO2,2022-08-18,,,,,
NO2,2022-08-19,,,,,
NO2,2022-08-20,,,,,
NO2,2022-08-21,,,,,
NO2,2022-08-22,,,,,
NO2,2022-08-23,,,,,
NO2,2022-08-24,,,,,
NO2,2022-08-25,,,,,
NO2,2022-08-26,,,,,
NO2,2022-08-27,,,,,
NO2,2022-08-28,,,,,
NO2,2022-08-29,,,,,
NO2,2022-08-30,,,,,
NO2,2022-08-31,,,,,
NO2,2022-09-01,,,,,
NO2,2022-09-02,,,,,
NO2,2022-09-03,,,,,
NO2,2022-09-04,,,,,
NO2,2022-09-05,,,,,
NO2,2022-09-06,,,,,
NO2,2022-09-07,,,,,
NO2,2022-09-08,,,,,
NO2,2022-09-09,,,,,
NO2,2022-09-10,,,,,
NO2,2022-09-11,,,,,
NO2,2022-09-12,,,,,
NO2,2022-09-13,,,,,
NO2,2022-09-14,,,,,
NO2,2022-09-15,,,,,
NO2,2022-09-16,,,,,
NO2,2022-09-17,,,,,
NO2,2022-09-18,,,,,
NO2,2022-09-19,,,,,
NO2,2022-09-20,,,,,
NO2,2022-09-21,,,,,
NO2,2022-09-22,,,,,
NO2,2022-09-23,,,,,
NO2,2022-09-24,,,,,
NO2,2022-09-25,,,,,
NO2,2022-09-26,,,,,
NO2,2022-09-27,,,,,
NO2,2022-09-28,,,,,
NO2,2022-09-29,,,,,
NO2,2022-09-30,,,,,
NO2,2022-10-01,,,,,
NO2,2022-10-02,,,,,
NO2,2022-10-03,,,,,
NO2,2022-10-04,,,,,
NO2,2022-10-05,,,,,
NO2,2022-10-06,,,,,
NO2,2022-10-07,,,,,
NO2,2022-10-08,,,,,
NO2,2022-10-09,,,,,
NO2,2022-10-10,,,,,
NO2,2022-10-11,,,,,
NO2,2022-10-12,,,,,
NO2,2022-10-13,,,,,
NO2,2022-10-14,,,,,
NO2,2022-10-15,,,,,
NO2,2022-10-16,,,,,
NO2,2022-10-17,,,,,
NO2,2022-10-18,,,,,
NO2,2022-10-19,,,,,
NO2,2022-10-20,,,,,
NO2,2022-10-21,,,,,
NO2,2022-10-22,,,,,
NO2,2022-10-23,,,,,
NO2,2022-10-24,,,,,
NO2,2022-10-25,,,,,
NO2,2022-10-26,,,,,
NO2,2022-10-27,,,,,
NO2,2022-10-28,,,,,
NO2,2022-10-29,,,,,
NO2,2022-10-30,,,,,
NO2,2022-10-31,,,,,
NO2,2022-11-01,,,,,
NO2,2022-11-02,,,,,
NO2,2022-11-03,,,,,
NO2,2022-11-04,,,,,
NO2,2022-11-05,,,,,
NO2,2022-11-06,,,,,
NO2,2022-11-07,,,,,
NO2,2022-11-08,,,,,
NO2,2022-11-09,,,,,
NO2,2022-11-10,,,,,
NO2,2022-11-11,,,,,
NO2,2022-11-12,,,,,
NO2,2022-11-13,,,,,
NO2,2022-11-14,,,,,
NO2,2022-11-15,,,,,
NO2,2022-11-16,,,,,
NO2,2022-11-17,,,,,
NO2,2022-11-18,,,,,
NO2,2022-11-19,,,,,
NO2,2022-11-20,,,,,
NO2,2022-11-21,,,,,
NO2,2022-11-22,,,,,
NO2,2022-11-23,,,,,
NO2,2022-11-24,,,,,
NO2,2022-11-25,,,,,
NO2,2022-11-26,,,,,
NO2,2022-11-27,,,,,
NO2,2022-11-28,,,,,
NO2,2022-11-29,,,,,
NO2,2022-11-30,,,,,
NO2,2022-12-01,,,,,
NO2,2022-12-02,,,,,
NO2,2022-12-03,,,,,
NO2,2022-12-04,,,,,
NO2,2022-12-05,,,,,
NO2,2022-12-06,,,,,
NO2,2022-12-07,,,,,
NO2,2022-12-08,,,,,
NO2,2022-12-09,,,,,
NO2,2022-12-10,,,,,
NO2,2022-12-11,,,,,
NO2,2022-12-12,,,,,
NO2,2022-12-13,,,,,
NO2,2022-12-14,,,,,
NO2,2022-12-15,,,,,
NO2,2022-12-16,,,,,
NO2,2022-12-17,,,,,
NO2,2022-12-18,,,,,
NO2,2022-12-19,,,,,
NO2,2022-12-20,,,,,
NO2,2022-12-21,,,,,
NO2,2022-12-22,,,,,
NO2,2022-12-23,,,,,
NO2,2022-12-24,,,,,
NO2,2022-12-25,,,,,
NO2,2022-12-26,,,,,
NO2,2022-12-27,,,,,
NO2,2022-12-28,,,,,
NO2,2022-12-29,,,,,
NO2,2022-12-30,,,,,
NO2,2022-12-31,,,,,
NO2,2023-01-01,,,,,
NO2,2023-01-02,,,,,
NO2,2023-01-03,,,,,
NO2,2023-01-04,,,,,
NO2,2023-01-05,,,,,
NO2,2023-01-06,,,,,
NO2,2023-01-07,,,,,
NO2,2023-01-08,,,,,
NO2,2023-01-09,,,,,
NO2,2023-01-10,,,,,
NO2,2023-01-11,,,,,
NO2,2023-01-12,,,,,
NO2,2023-01-13,,,,,
NO2,2023-01-14,,,,,
NO2,2023-01-15,,,,,
NO2,2023-01-16,,,,,
NO2,2023-01-17,,,,,
NO2,2023-01-18,,,,,
NO2,2023-01-19,,,,,
NO2,2023-01-20,,,,,
NO2,2023-01-21,,,,,
NO2,2023-01-22,,,,,
NO2,2023-01-23,,,,,
NO2,2023-01-24,,,,,
NO2,2023-01-25,,,,,
NO2,2023-01-26,,,,,
NO2,2023-01-27,,,,,
NO2,2023-01-28,,,,,
NO2,2023-01-29,,,,,
NO2,2023-01-30,,,,,
NO2,2023-01-31,,,,,
NO2,2023-02-01,,,,,
NO2,2023-02-02,,,,,
NO2,2023-02-03,,,,,
NO2,2023-02-04,,,,,
NO2,2023-02-05,,,,,
NO2,2023-02-06,,,,,
NO2,2023-02-07,,,,,
NO2,2023-02-08,,,,,
NO2,2023-02-09,,,,,
NO2,2023-02-10,,,,,
NO2,2023-02-11,,,,,
NO2,2023-02-12,,,,,
NO2,2023-02-13,,,,,
NO2,2023-02-14,,,,,
NO2,2023-02-15,,,,,
NO2,2023-02-16,,,,,
NO2,2023-02-17,,,,,
NO2,2023-02-18,,,,,
NO2,2023-02-19,,,,,
NO2,2023-02-20,,,,,
NO2,2023-02-21,,,,,
NO2,2023-02-22,,,,,
NO2,2023-02-23,,,,,
NO2,2023-02-24,,,,,
NO2,2023-02-25,,,,,
NO2,2023-02-26,,,,,
NO2,2023-02-27,,,,,
NO2,2023-02-28,,,,,
NO2,2023-03-01,,,,,
NO2,2023-03-02,,,,,
NO2,2023-03-03,,,,,
NO2,2023-03-04,,,,,
NO2,2023-03-05,,,,,
NO2,2023-03-06,,,,,
NO2,2023-03-07,,,,,
NO2,2023-03-08,,,,,
NO2,2023-03-09,,,,,
NO2,2023-03-10,,,,,
NO2,2023-03-11,,,,,
NO2,2023-03-12,,,,,
NO2,2023-03-13,,,,,
NO2,2023-03-14,,,,,
NO2,2023-03-15,,,,,
NO2,2023-03-16,,,,,
NO2,2023-03-17,,,,,
NO2,2023-03-18,,,,,
NO2,2023-03-19,,,,,
NO2,2023-03-20,,,,,
NO2,2023-03-21,,,,,
NO2,2023-03-22,,,,,
NO2,2023-03-23,,,,,
NO2,2023-03-24,,,,,
NO2,2023-03-25,,,,,
NO2,2023-03-26,,,,,
NO2,2023-03-27,,,,,
NO2,2023-03-28,,,,,
NO2,2023-03-29,,,,,
NO2,2023-03-30,,,,,
NO2,2023-03-31,,,,,
NO2,2023-04-01,,,,,
NO2,2023-04-02,,,,,
NO2,2023-04-03,,,,,
NO2,2023-04-04,,,,,
NO2,2023-04-05,,,,,
NO2,2023-04-06,,,,,
NO2,2023-04-07,,,,,
NO2,2023-04-08,,,,,
NO2,2023-04-09,,,,,
NO2,2023-04-10,,,,,
NO2,2023-04-11,,,,,
NO2,2023-04-12,,,,,
NO2,2023-04-13,,,,,
NO2,2023-04-14,,,,,
NO2,2023-04-15,,,,,
NO2,2023-04-16,,,,,
NO2,2023-04-17,,,,,
NO2,2023-04-18,,,,,
NO2,2023-04-19,,,,,
NO2,2023-04-20,,,,,
NO2,2023-04-21,,,,,
NO2,2023-04-22,,,,,
NO2,2023-04-23,,,,,
NO2,2023-04-24,,,,,
NO2,2023-04-25,,,,,
NO2,2023-04-26,,,,,
NO2,2023-04-27,,,,,
NO2,2023-04-28,,,,,
NO2,2023-04-29,,,,,
NO2,2023-04-30,,,,,
NO2,2023-05-01,,,,,
NO2,2023-05-02,,,,,
NO2,2023-05-03,,,,,
NO2,2023-05-04,,,,,
NO2,2023-05-05,,,,,
NO2,2023-05-06,,,,,
NO2,2023-05-07,,,,,
NO2,2023-05-08,,,,,
NO2,2023-05-09,,,,,
NO2,2023-05-10,,,,,
NO2,2023-05-11,,,,,
NO2,2023-05-12,,,,,
NO2,2023-05-13,,,,,
NO2,2023-05-14,,,,,
NO2,2023-05-15,,,,,
NO2,2023-05-16,,,,,
NO2,2023-05-17,,,,,
NO2,2023-05-18,,,,,
NO2,2023-05-19,,,,,
NO2,2023-05-20,,,,,
NO2,2023-05-21,,,,,
NO2,2023-05-22,,,,,
NO2,2023-05-23,,,,,
NO2,2023-05-24,,,,,
NO2,2023-05-25,,,,,
NO2,2023-05-26,,,,,
NO2,2023-05-27,,,,,
NO2,2023-05-28,,,,,
NO2,2023-05-29,,,,,
NO2,2023-05-30,,,,,
NO2,2023-05-31,,,,,
NO2,2023-06-01,,,,,
NO2,2023-06-02,,,,,
NO2,2023-06-03,,,,,
NO2,2023-06-04,,,,,
NO2,2023-06-05,,,,,
NO2,2023-06-06,,,,,
NO2,2023-06-07,,,,,
NO2,2023-06-08,,,,,
NO2,2023-06-09,,,,,
NO2,2023-06-10,,,,,
NO2,2023-06-11,,,,,
NO2,2023-06-12,,,,,
NO2,2023-06-13,,,,,
NO2,2023-06-14,,,,,
NO2,2023-06-15,,,,,
NO2,2023-06-16,,,,,
NO2,2023-06-17,,,,,
NO2,2023-06-18,,,,,
NO2,2023-06-19,,,,,
NO2,2023-06-20,,,,,
NO2,2023-06-21,,,,,
NO2,2023-06-22,,,,,
NO2,2023-06-23,,,,,
NO2,2023-06-24,,,,,
NO2,2023-06-25,,,,,
NO2,2023-06-26,,,,,
NO2,2023-06-27,,,,,
NO2,2023-06-28,,,,,
NO2,2023-06-29,,,,,
NO2,2023-06-30,,,,,
NO2,2023-07-01,,,,,
NO2,2023-07-02,,,,,
NO2,2023-07-03,,,,,
NO2,2023-07-04,,,,,
NO2,2023-07-05,,,,,
NO2,2023-07-06,,,,,
NO2,2023-07-07,,,,,
NO2,2023-07-08,,,,,
NO2,2023-07-09,,,,,
NO2,2023-07-10,,,,,
NO2,2023-07-11,,,,,
NO2,2023-07-12,,,,,
NO2,2023-07-13,,,,,
NO2,2023-07-14,,,,,
NO2,2023-07-15,,,,,
NO2,2023-07-16,,,,,
NO2,2023-07-17,,,,,
NO2,2023-07-18,,,,,
NO2,2023-07-19,,,,,
NO2,2023-07-20,,,,,
NO2,2023-07-21,,,,,
NO2,2023-07-22,,,,,
NO2,2023-07-23,,,,,
NO2,2023-07-24,,,,,
NO2,2023-07-25,,,,,
NO2,2023-07-26,,,,,
NO2,2023-07-27,,,,,
NO2,2023-07-28,,,,,
NO2,2023-07-29,,,,,
NO2,2023-07-30,,,,,
NO2,2023-07-31,,,,,
NO2,2023-08-01,,,,,
NO2,2023-08-02,,,,,
NO2,2023-08-03,,,,,
NO2,2023-08-04,,,,,
NO2,2023-08-05,,,,,
NO2,2023-08-06,,,,,
NO2,2023-08-07,,,,,
NO2,2023-08-08,,,,,
NO2,2023-08-09,,,,,
NO2,2023-08-10,,,,,
NO2,2023-08-11,,,,,
NO2,2023-08-12,,,,,
NO2,2023-08-13,,,,,
NO2,2023-08-14,,,,,
NO2,2023-08-15,,,,,
NO2,2023-08-16,,,,,
NO2,2023-08-17,,,,,
NO2,2023-08-18,,,,,
NO2,2023-08-19,,,,,
NO2,2023-08-20,,,,,
NO2,2023-08-21,,,,,
NO2,2023-08-22,,,,,
NO2,2023-08-23,,,,,
NO2,2023-08-24,,,,,
NO2,2023-08-25,,,,,
NO2,2023-08-26,,,,,
NO2,2023-08-27,,,,,
NO2,2023-08-28,,,,,
NO2,2023-08-29,,,,,
NO2,2023-08-30,,,,,
NO2,2023-08-31,,,,,
NO2,2023-09-01,,,,,
NO2,2023-09-02,,,,,
NO2,2023-09-03,,,,,
NO2,2023-09-04,,,,,
NO2,2023-09-05,,,,,
NO2,2023-09-06,,,,,
NO2,2023-09-07,,,,,
NO2,2023-09-08,,,,,
NO2,2023-09-09,,,,,
NO2,2023-09-10,,,,,
NO2,2023-09-11,,,,,
NO2,2023-09-12,,,,,
NO2,2023-09-13,,,,,
NO2,2023-09-14,,,,,
NO2,2023-09-15,,,,,
NO2,2023-09-16,,,,,
NO2,2023-09-17,,,,,
NO2,2023-09-18,,,,,
NO2,2023-09-19,,,,,
NO2,2023-09-20,,,,,
NO2,2023-09-21,,,,,
NO2,2023-09-22,,,,,
NO2,2023-09-23,,,,,
NO2,2023-09-24,,,,,
NO2,2023-09-25,,,,,
NO2,2023-09-26,,,,,
NO2,2023-09-27,,,,,
NO2,2023-09-28,,,,,
NO2,2023-09-29,,,,,
NO2,2023-09-30,,,,,
NO2,2023-10-01,,,,,
NO2,2023-10-02,,,,,
NO2,2023-10-03,,,,,
NO2,2023-10-04,,,,,
NO2,2023-10-05,,,,,
NO2,2023-10-06,,,,,
NO2,2023-10-07,,,,,
NO2,2023-10-08,,,,,
NO2,2023-10-09,,,,,
NO2,2023-10-10,,,,,
NO2,2023-10-11,,,,,
NO2,2023-10-12,,,,,
NO2,2023-10-13,,,,,
NO2,2023-10-14,,,,,
NO2,2023-10-15,,,,,
NO2,2023-10-16,,,,,
NO2,2023-10-17,,,,,
NO2,2023-10-18,,,,,
NO2,2023-10-19,,,,,
NO2,2023-10-20,,,,,
NO2,2023-10-21,,,,,
NO2,2023-10-22,,,,,
NO2,2023-10-23,,,,,
NO2,2023-10-24,,,,,
NO2,2023-10-25,,,,,
NO2,2023-10-26,,,,,
NO2,2023-10-27,,,,,
NO2,2023-10-28,,,,,
NO2,2023-10-29,,,,,
NO2,2023-10-30,,,,,
NO2,2023-10-31,,,,,
NO2,2023-11-01,,,,,
NO2,2023-11-02,,,,,
NO2,2023-11-03,,,,,
NO2,2023-11-04,,,,,
NO2,2023-11-05,,,,,
NO2,2023-11-06,,,,,
NO2,2023-11-07,,,,,
NO2,2023-11-08,,,,,
NO2,2023-11-09,,,,,
NO2,2023-11-10,,,,,
NO2,2023-11-11,,,,,
NO2,2023-11-12,,,,,
NO2,2023-11-13,,,,,
NO2,2023-11-14,,,,,
NO2,2023-11-15,,,,,
NO2,2023-11-16,,,,,
NO2,2023-11-17,,,,,
NO2,2023-11-18,,,,,
NO2,2023-11-19,,,,,
NO2,2023-11-20,,,,,
NO2,2023-11-21,,,,,
NO2,2023-11-22,,,,,
NO2,2023-11-23,,,,,
NO2,2023-11-24,,,,,
NO2,2023-11-25,,,,,
NO2,2023-11-26,,,,,
NO2,2023-11-27,,,,,
NO2,2023-11-28,,,,,
NO2,2023-11-29,,,,,
NO2,2023-11-30,,,,,
NO2,2023-12-01,,,,,
NO2,2023-12-02,,,,,
NO2,2023-12-03,,,,,
NO2,2023-12-04,,,,,
NO2,2023-12-05,,,,,
NO2,2023-12-06,,,,,
NO2,2023-12-07,,,,,
NO2,2023-12-08,,,,,
NO2,2023-12-09,,,,,
NO2,2023-12-10,,,,,
NO2,2023-12-11,,,,,
NO2,2023-12-12,,,,,
NO2,2023-12-13,,,,,
NO2,2023-12-14,,,,,
NO2,2023-12-15,,,,,
NO2,2023-12-16,,,,,
NO2,2023-12-17,,,,,
NO2,2023-12-18,,,,,
NO2,2023-12-19,,,,,
NO2,2023-12-20,,,,,
NO2,2023-12-21,,,,,
NO2,2023-12-22,,,,,
NO2,2023-12-23,,,,,
NO2,2023-12-24,,,,,
NO2,2023-12-25,,,,,
NO2,2023-12-26,,,,,
NO2,2023-12-27,,,,,
NO2,2023-12-28,,,,,
NO2,2023-12-29,,,,,
NO2,2023-12-30,,,,,
NO2,2023-12-31,,,,,
NO2,2024-01-01,,,30.0,,30.0
NO2,2024-01-02,,,25.0,,25.0
NO2,2024-01-03,,,25.0,,25.0
NO2,2024-01-04,,,22.0,,22.0
NO2,2024-01-05,,,22.0,,22.0
NO2,2024-01-06,,,30.0,,30.0
NO2,2024-01-07,,,34.0,,34.0
NO2,2024-01-08,,,22.0,,22.0
NO2,2024-01-09,,,23.0,,23.0
NO2,2024-01-10,,,48.0,,48.0
NO2,2024-01-11,,,51.0,,51.0
NO2,2024-01-12,,,47.0,,47.0
NO2,2024-01-13,,,28.0,,28.0
NO2,2024-01-14,,,34.0,,34.0
NO2,2024-01-15,,,25.0,,25.0
NO2,2024-01-16,,,24.0,,24.0
NO2,2024-01-17,,,28.0,,28.0
NO2,2024-01-18,,,32.0,,32.0
NO2,2024-01-19,,,38.0,,38.0
NO2,2024-01-20,,,22.0,,22.0
NO2,2024-01-21,,,24.0,,24.0
NO2,2024-01-22,,,39.0,,39.0
NO2,2024-01-23,,,43.0,,43.0
NO2,2024-01-24,,,28.0,,28.0
NO2,2024-01-25,,,27.0,,27.0
NO2,2024-01-26,,,24.0,,24.0
NO2,2024-01-27,,,23.0,,23.0
NO2,2024-01-28,,,22.0,,22.0
NO2,2024-01-29,,,28.0,,28.0
NO2,2024-01-30,,,26.0,,26.0
NO2,2024-01-31,,,27.0,,27.0
NO2,2024-02-01,,,25.0,,25.0
NO2,2024-02-02,,,26.0,,26.0
NO2,2024-02-03,,,24.0,,24.0
NO2,2024-02-04,,,24.0,,24.0
NO2,2024-02-05,,,22.0,,22.0
NO2,2024-02-06,,,30.0,,30.0
NO2,2024-02-07,,,30.0,,30.0
NO2,2024-02-08,,,35.0,,35.0
NO2,2024-02-09,,,25.0,,25.0
NO2,2024-02-10,,,50.0,,50.0
NO2,2024-02-11,,,61.0,,61.0
NO2,2024-02-12,,,24.0,,24.0
NO2,2024-02-13,,,24.0,,24.0
NO2,2024-02-14,,,28.0,,28.0
NO2,2024-02-15,,,32.0,,32.0
NO2,2024-02-16,,,28.0,,28.0
NO2,2024-02-17,,,26.0,,26.0
NO2,2024-02-18,,,27.0,,27.0
NO2,2024-02-19,,,33.0,,33.0
NO2,2024-02-20,,,32.0,,32.0
NO2,2024-02-21,,,28.0,,28.0
NO2,2024-02-22,,,30.0,,30.0
NO2,2024-02-23,,,26.0,,26.0
NO2,2024-02-24,,,23.0,,23.0
NO2,2024-02-25,,,30.0,,30.0
NO2,2024-02-26,,,34.0,,34.0
NO2,2024-02-27,,,35.0,,35.0
NO2,2024-02-28,,,36.0,,36.0
NO2,2024-02-29,,,26.0,,26.0
NO2,2024-03-01,,,30.0,,30.0
NO2,2024-03-02,,,27.0,,27.0
NO2,2024-03-03,,,26.0,,26.0
NO2,2024-03-04,,,26.0,,26.0
NO2,2024-03-05,,,26.0,,26.0
NO2,2024-03-06,,,25.0,,25.0
NO2,2024-03-07,,,27.0,,27.0
NO2,2024-03-08,,,28.0,,28.0
NO2,2024-03-09,,,24.0,,24.0
NO2,2024-03-10,,,22.0,,22.0
NO2,2024-03-11,,,24.0,,24.0
NO2,2024-03-12,,,27.0,,27.0
NO2,2024-03-13,,,31.0,,31.0
NO2,2024-03-14,,,30.0,,30.0
NO2,2024-03-15,,,26.0,,26.0
NO2,2024-03-16,,,25.0,,25.0
NO2,2024-03-17,,,24.0,,24.0
NO2,2024-03-18,,,22.0,,22.0
NO2,2024-03-19,,,23.0,,23.0
NO2,2024-03-20,,,26.0,,26.0
NO2,2024-03-21,,,28.0,,28.0
NO2,2024-03-22,,,26.0,,26.0
NO2,2024-03-23,,,32.0,,32.0
NO2,2024-03-24,,,28.0,,28.0
NO2,2024-03-25,,,32.0,,32.0
NO2,2024-03-26,,,24.0,,24.0
NO2,2024-03-27,,,24.0,,24.0
NO2,2024-03-28,,,23.0,,23.0
NO2,2024-03-29,,,24.0,,24.0
NO2,2024-03-30,,,24.0,,24.0
NO2,2024-03-31,,,25.0,,25.0
NO2,2024-04-01,,,33.0,,33.0
NO2,2024-04-02,,,33.0,,33.0
NO2,2024-04-03,,,24.0,,24.0
NO2,2024-04-04,,,24.0,,24.0
NO2,2024-04-05,,,24.0,,24.0
NO2,2024-04-06,,,25.0,,25.0
NO2,2024-04-07,,,27.0,,27.0
NO2,2024-04-08,,,27.0,,27.0
NO2,2024-04-09,,,27.0,,27.0
NO2,2024-04-10,,,25.0,,25.0
NO2,2024-04-11,,,24.0,,24.0
NO2,2024-04-12,,,23.0,,23.0
NO2,2024-04-13,,,25.0,,25.0
NO2,2024-04-14,,,25.0,,25.0
NO2,2024-04-15,,,27.0,,27.0
NO2,2024-04-16,,,26.0,,26.0
NO2,2024-04-17,,,30.0,,30.0
NO2,2024-04-18,,,30.0,,30.0
NO2,2024-04-19,,,28.0,,28.0
NO2,2024-04-20,,,25.0,,25.0
NO2,2024-04-21,,,25.0,,25.0
NO2,2024-04-22,,,23.0,,23.0
NO2,2024-04-23,,,27.0,,27.0
NO2,2024-04-24,,,25.0,,25.0
NO2,2024-04-25,,,25.0,,25.0
NO2,2024-04-26,,,27.0,,27.0
NO2,2024-04-27,,,27.0,,27.0
NO2,2024-04-28,,,26.0,,26.0
NO2,2024-04-29,,,25.0,,25.0
NO2,2024-04-30,,,25.0,,25.0
NO2,2024-05-01,,,25.0,,25.0
NO2,2024-05-02,,,25.0,,25.0
NO2,2024-05-03,,,25.0,,25.0
NO2,2024-05-04,,,26.0,,26.0
NO2,2024-05-05,,,25.0,,25.0
NO2,2024-05-06,,,27.0,,27.0
NO2,2024-05-07,,,27.0,,27.0
NO2,2024-05-08,,,28.0,,28.0
NO2,2024-05-09,,,32.0,,32.0
NO2,2024-05-10,,,28.0,,28.0
NO2,2024-05-11,,,31.0,,31.0
NO2,2024-05-12,,,32.0,,32.0
NO2,2024-05-13,,,34.0,,34.0
NO2,2024-05-14,,,31.0,,31.0
NO2,2024-05-15,,,31.0,,31.0
NO2,2024-05-16,,,31.0,,31.0
NO2,2024-05-17,,,32.0,,32.0
NO2,2024-05-18,,,31.0,,31.0
NO2,2024-05-19,,,30.0,,30.0
NO2,2024-05-20,,,32.0,,32.0
NO2,2024-05-21,,,33.0,,33.0
NO2,2024-05-22,,,33.0,,33.0
NO2,2024-05-23,,,32.0,,32.0
NO2,2024-05-24,,,32.0,,32.0
NO2,2024-05-25,,,32.0,,32.0
NO2,2024-05-26,,,33.0,,33.0
NO2,2024-05-27,,,36.0,,36.0
NO2,2024-05-28,,,35.0,,35.0
NO2,2024-05-29,,,40.0,,40.0
NO2,2024-05-30,,,60.0,,60.0
NO2,2024-05-31,,,61.0,,61.0
NO2,2024-06-01,,,9.0,,9.0
NO2,2024-06-02,,,10.0,,10.0
NO2,2024-06-03,,,10.0,,10.0
NO2,2024-06-04,,,10.0,,10.0
NO2,2024-06-05,,,9.0,,9.0
NO2,2024-06-06,,,10.0,,10.0
NO2,2024-06-07,,,11.0,,11.0
NO2,2024-06-08,,,11.0,,11.0
NO2,2024-06-09,,,10.0,,10.0
NO2,2024-06-10,,,12.0,,12.0
NO2,2024-06-11,,,10.0,,10.0
NO2,2024-06-12,,,8.0,,8.0
NO2,2024-06-13,,,8.0,,8.0
NO2,2024-06-14,,,7.0,,7.0
NO2,2024-06-15,,,7.0,,7.0
NO2,2024-06-16,,,7.0,,7.0
NO2,2024-06-17,,,7.0,,7.0
NO2,2024-06-18,,,7.0,,7.0
NO2,2024-06-19,,,6.0,,6.0
NO2,2024-06-20,,,7.0,,7.0
NO2,2024-06-21,,,8.0,,8.0
NO2,2024-06-22,,,11.0,,11.0
NO2,2024-06-23,,,12.0,,12.0
NO2,2024-06-24,,,10.0,,10.0
NO2,2024-06-25,,,8.0,,8.0
NO2,2024-06-26,,,8.0,,8.0
NO2,2024-06-27,,,8.0,,8.0
NO2,2024-06-28,,,9.0,,9.0
NO2,2024-06-29,,,9.0,,9.0
NO2,2024-06-30,,,8.0,,8.0
NO2,2024-07-01,,,8.0,,8.0
NO2,2024-07-02,,,9.0,,9.0
NO2,2024-07-03,,,10.0,,10.0
NO2,2024-07-04,,,10.0,,10.0
NO2,2024-07-05,,,9.0,,9.0
NO2,2024-07-06,,,10.0,,10.0
NO2,2024-07-07,,,11.0,,11.0
NO2,2024-07-08,,,11.0,,11.0
NO2,2024-07-09,,,10.0,,10.0
NO2,2024-07-10,,,9.0,,9.0
NO2,2024-07-11,,,8.0,,8.0
NO2,2024-07-12,,,12.0,,12.0
NO2,2024-07-13,,,11.0,,11.0
NO2,2024-07-14,,,11.0,,11.0
NO2,2024-07-15,,,10.0,,10.0
NO2,2024-07-16,,,11.0,,11.0
NO2,2024-07-17,,,10.0,,10.0
NO2,2024-07-18,,,10.0,,10.0
NO2,2024-07-19,,,11.0,,11.0
NO2,2024-07-20,,,12.0,,12.0
NO2,2024-07-21,,,10.0,,10.0
NO2,2024-07-22,,,10.0,,10.0
NO2,2024-07-23,,,9.0,,9.0
NO2,2024-07-24,,,11.0,,11.0
NO2,2024-07-25,,,16.0,,16.0
NO2,2024-07-26,,,17.0,,17.0
NO2,2024-07-27,,,14.0,,14.0
NO2,2024-07-28,,,11.0,,11.0
NO2,2024-07-29,,,10.0,,10.0
NO2,2024-07-30,,,10.0,,10.0
NO2,2024-07-31,,,,,
NO2,2024-08-01,,,,,
NO2,2024-08-02,,,,,
NO2,2024-08-03,,,,,
NO2,2024-08-04,,,,,
NO2,2024-08-05,,,,,
NO2,2024-08-06,,,,,
NO2,2024-08-07,,,,,
NO2,2024-08-08,,,,,
NO2,2024-08-09,,,,,
NO2,2024-08-10,,,,,
NO2,2024-08-11,,,,,
NO2,2024-08-12,,,,,
NO2,2024-08-13,,,,,
NO2,2024-08-14,,,,,
NO2,2024-08-15,,,,,
NO2,2024-08-16,,,,,
NO2,2024-08-17,,,,,
NO2,2024-08-18,,,,,
NO2,2024-08-19,,,,,
NO2,2024-08-20,,,,,
NO2,2024-08-21,,,,,
NO2,2024-08-22,,,,,
NO2,2024-08-23,,,,,
NO2,2024-08-24,,,,,
NO2,2024-08-25,,,,,
NO2,2024-08-26,,,,,
NO2,2024-08-27,,,,,
NO2,2024-08-28,,,,,
NO2,2024-08-29,,,,,
NO2,2024-08-30,,,,,
NO2,2024-08-31,,,,,
NO2,2024-09-01,,,,,
NO2,2024-09-02,,,,,
NO2,2024-09-03,,,,,
NO2,2024-09-04,,,,,
NO2,2024-09-05,,,,,
NO2,2024-09-06,,,,,
NO2,2024-09-07,,,,,
NO2,2024-09-08,,,,,
NO2,2024-09-09,,,,,
NO2,2024-09-10,,,,,
NO2,2024-09-11,,,,,
NO2,2024-09-12,,,,,
NO2,2024-09-13,,,,,
NO2,2024-09-14,,,,,
NO2,2024-09-15,,,,,
NO2,2024-09-16,,,,,
NO2,2024-09-17,,,,,
NO2,2024-09-18,,,,,
NO2,2024-09-19,,,,,
NO2,2024-09-20,,,,,
NO2,2024-09-21,,,,,
NO2,2024-09-22,,,,,
NO2,2024-09-23,,,,,
NO2,2024-09-24,,,,,
NO2,2024-09-25,,,,,
NO2,2024-09-26,,,,,
NO2,2024-09-27,,,,,
NO2,2024-09-28,,,,,
NO2,2024-09-29,,,,,
NO2,2024-09-30,,,,,
NO2,2024-10-01,,,,,
NO2,2024-10-02,,,,,
NO2,2024-10-03,,,,,
NO2,2024-10-04,,,,,
NO2,2024-10-05,,,,,
NO2,2024-10-06,,,,,
NO2,2024-10-07,,,,,
NO2,2024-10-08,,,,,
NO2,2024-10-09,,,,,
NO2,2024-10-10,,,,,
NO2,2024-10-11,,,,,
NO2,2024-10-12,,,,,
NO2,2024-10-13,,,,,
NO2,2024-10-14,,,,,
NO2,2024-10-15,,,,,
NO2,2024-10-16,,,,,
NO2,2024-10-17,,,,,
NO2,2024-10-18,,,,,
NO2,2024-10-19,,,,,
NO2,2024-10-20,,,,,
NO2,2024-10-21,,,,,
NO2,2024-10-22,,,,,
NO2,2024-10-23,,,,,
NO2,2024-10-24,,,,,
NO2,2024-10-25,,,,,
NO2,2024-10-26,,,,,
NO2,2024-10-27,,,,,
NO2,2024-10-28,,,,,
NO2,2024-10-29,,,,,
NO2,2024-10-30,,,,,
NO2,2024-10-31,,,,,
NO2,2024-11-01,,,,,
NO2,2024-11-02,,,,,
NO2,2024-11-03,,,,,
NO2,2024-11-04,,,,,
NO2,2024-11-05,,,,,
NO2,2024-11-06,,,,,
NO2,2024-11-07,,,,,
NO2,2024-11-08,,,,,
NO2,2024-11-09,,,,,
NO2,2024-11-10,,,,,
NO2,2024-11-11,,,,,
NO2,2024-11-12,,,,,
NO2,2024-11-13,,,,,
NO2,2024-11-14,,,,,
NO2,2024-11-15,,,,,
NO2,2024-11-16,,,,,
NO2,2024-11-17,,,,,
NO2,2024-11-18,,,,,
NO2,2024-11-19,,,,,
NO2,2024-11-20,,,,,
NO2,2024-11-21,,,,,
NO2,2024-11-22,,,,,
NO2,2024-11-23,,,,,
NO2,2024-11-24,,,,,
NO2,2024-11-25,,,,,
NO2,2024-11-26,,,,,
NO2,2024-11-27,,,,,
NO2,2024-11-28,,,,,
NO2,2024-11-29,,,,,
NO2,2024-11-30,,,,,
NO2,2024-12-01,,,,,
NO2,2024-12-02,,,,,
NO2,2024-12-03,,,,,
NO2,2024-12-04,,,,,
NO2,2024-12-05,,,,,
NO2,2024-12-06,,,,,
NO2,2024-12-07,,,,,
NO2,2024-12-08,,,,,
NO2,2024-12-09,,,,,
NO2,2024-12-10,,,,,
NO2,2024-12-11,,,,,
NO2,2024-12-12,,,,,
NO2,2024-12-13,,,,,
NO2,2024-12-14,,,,,
NO2,2024-12-15,,,,,
NO2,2024-12-16,,,,,
NO2,2024-12-17,,,,,
NO2,2024-12-18,,,,,
NO2,2024-12-19,,,,,
NO2,2024-12-20,,,,,
NO2,2024-12-21,,,,,
NO2,2024-12-22,,,,,
NO2,2024-12-23,,,,,
NO2,2024-12-24,,,,,
NO2,2024-12-25,,,,,
NO2,2024-12-26,,,,,
NO2,2024-12-27,,,,,
NO2,2024-12-28,,,,,
NO2,2024-12-29,,,,,
NO2,2024-12-30,,,,,
NO2,2024-12-31,,,,,
NO2,2025-01-01,,,24.0,,24.0
NO2,2025-01-02,,,23.0,,23.0
NO2,2025-01-03,,,24.0,,24.0
NO2,2025-01-04,,,32.0,,32.0
NO2,2025-01-05,,,35.0,,35.0
NO2,2025-01-06,,,22.0,,22.0
NO2,2025-01-07,,,20.0,,20.0
NO2,2025-01-08,,,20.0,,20.0
NO2,2025-01-09,,,23.0,,23.0
NO2,2025-01-10,,,20.0,,20.0
NO2,2025-01-11,,,25.0,,25.0
NO2,2025-01-12,,,28.0,,28.0
NO2,2025-01-13,,,24.0,,24.0
NO2,2025-01-14,,,24.0,,24.0
NO2,2025-01-15,,,24.0,,24.0
NO2,2025-01-16,,,25.0,,25.0
NO2,2025-01-17,,,34.0,,34.0
NO2,2025-01-18,,,41.0,,41.0
NO2,2025-01-19,,,35.0,,35.0
NO2,2025-01-20,,,18.0,,18.0
NO2,2025-01-21,,,17.0,,17.0
NO2,2025-01-22,,,24.0,,24.0
NO2,2025-01-23,,,27.0,,27.0
NO2,2025-01-24,,,22.0,,22.0
NO2,2025-01-25,,,34.0,,34.0
NO2,2025-01-26,,,39.0,,39.0
NO2,2025-01-27,,,22.0,,22.0
NO2,2025-01-28,,,25.0,,25.0
NO2,2025-01-29,,,31.0,,31.0
NO2,2025-01-30,,,32.0,,32.0
NO2,2025-01-31,,,26.0,,26.0
NO2,2025-02-01,,,32.0,,32.0
NO2,2025-02-02,,,32.0,,32.0
NO2,2025-02-03,,,32.0,,32.0
NO2,2025-02-04,,,32.0,,32.0
NO2,2025-02-05,,,26.0,,26.0
NO2,2025-02-06,,,28.0,,28.0
NO2,2025-02-07,,,27.0,,27.0
NO2,2025-02-08,,,27.0,,27.0
NO2,2025-02-09,,,34.0,,34.0
NO2,2025-02-10,,,32.0,,32.0
NO2,2025-02-11,,,31.0,,31.0
NO2,2025-02-12,,,26.0,,26.0
NO2,2025-02-13,,,24.0,,24.0
NO2,2025-02-14,,,31.0,,31.0
NO2,2025-02-15,,,33.0,,33.0
NO2,2025-02-16,,,28.0,,28.0
NO2,2025-02-17,,,24.0,,24.0
NO2,2025-02-18,,,11.0,,11.0
NO2,2025-02-19,,,12.0,,12.0
NO2,2025-02-20,,,8.0,,8.0
NO2,2025-02-21,,,10.0,,10.0
NO2,2025-02-22,,,11.0,,11.0
NO2,2025-02-23,,,16.0,,16.0
NO2,2025-02-24,,,19.0,,19.0
NO2,2025-02-25,,,15.0,,15.0
NO2,2025-02-26,,,10.0,,10.0
NO2,2025-02-27,,,14.0,,14.0
NO2,2025-02-28,,,11.0,,11.0
NO2,2025-03-01,,,12.0,,12.0
NO2,2025-03-02,,,10.0,,10.0
NO2,2025-03-03,,,11.0,,11.0
NO2,2025-03-04,,,17.0,,17.0
NO2,2025-03-05,,,12.0,,12.0
NO2,2025-03-06,,,7.0,,7.0
NO2,2025-03-07,,,10.0,,10.0
NO2,2025-03-08,,,14.0,,14.0
NO2,2025-03-09,,,7.0,,7.0
NO2,2025-03-10,,,8.0,,8.0
NO2,2025-03-11,,,9.0,,9.0
NO2,2025-03-12,,,10.0,,10.0
NO2,2025-03-13,,,15.0,,15.0
NO2,2025-03-14,,,16.0,,16.0
NO2,2025-03-15,,,15.0,,15.0
NO2,2025-03-16,,,7.0,,7.0
NO2,2025-03-17,,,8.0,,8.0
NO2,2025-03-18,,,10.0,,10.0
NO2,2025-03-19,,,11.0,,11.0
NO2,2025-03-20,,,6.0,,6.0
NO2,2025-03-21,,,9.0,,9.0
NO2,2025-03-22,,,10.0,,10.0
NO2,2025-03-23,,,11.0,,11.0
NO2,2025-03-24,,,11.0,,11.0
NO2,2025-03-25,,,7.0,,7.0
NO2,2025-03-26,,,11.0,,11.0
NO2,2025-03-27,,,11.0,,11.0
NO2,2025-03-28,,,8.0,,8.0
NO2,2025-03-29,,,10.0,,10.0
NO2,2025-03-30,,,9.0,,9.0
NO2,2025-03-31,,,9.0,,9.0
NO2,2025-04-01,,,9.0,,9.0
NO2,2025-04-02,,,8.0,,8.0
NO2,2025-04-03,,,8.0,,8.0
NO2,2025-04-04,,,7.0,,7.0
NO2,2025-04-05,,,8.0,,8.0
NO2,2025-04-06,,,7.0,,7.0
NO2,2025-04-07,,,7.0,,7.0
NO2,2025-04-08,,,11.0,,11.0
NO2,2025-04-09,,,10.0,,10.0
NO2,2025-04-10,,,11.0,,11.0
NO2,2025-04-11,,,9.0,,9.0
NO2,2025-04-12,,,14.0,,14.0
NO2,2025-04-13,,,10.0,,10.0
NO2,2025-04-14,,,9.0,,9.0
NO2,2025-04-15,,,10.0,,10.0
NO2,2025-04-16,,,8.0,,8.0
NO2,2025-04-17,,,9.0,,9.0
NO2,2025-04-18,,,9.0,,9.0
NO2,2025-04-19,,,9.0,,9.0
NO2,2025-04-20,,,10.0,,10.0
NO2,2025-04-21,,,11.0,,11.0
NO2,2025-04-22,,,9.0,,9.0
NO2,2025-04-23,,,14.0,,14.0
NO2,2025-04-24,,,12.0,,12.0
NO2,2025-04-25,,,11.0,,11.0
NO2,2025-04-26,,,12.0,,12.0
NO2,2025-04-27,,,12.0,,12.0
NO2,2025-04-28,,,11.0,,11.0
NO2,2025-04-29,,,11.0,,11.0
NO2,2025-04-30,,,11.0,,11.0
NO2,2025-05-01,,,10.0,,10.0
NO2,2025-05-02,,,11.0,,11.0
NO2,2025-05-03,,,11.0,,11.0
NO2,2025-05-04,,,8.0,,8.0
NO2,2025-05-05,,,8.0,,8.0
NO2,2025-05-06,,,8.0,,8.0
NO2,2025-05-07,,,8.0,,8.0
NO2,2025-05-08,,,8.0,,8.0
NO2,2025-05-09,,,8.0,,8.0
NO2,2025-05-10,,,11.0,,11.0
NO2,2025-05-11,,,14.0,,14.0
NO2,2025-05-12,,,12.0,,12.0
NO2,2025-05-13,,,19.0,,19.0
NO2,2025-05-14,,,24.0,,24.0
NO2,2025-05-15,,,22.0,,22.0
NO2,2025-05-16,,,18.0,,18.0
NO2,2025-05-17,,,12.0,,12.0
NO2,2025-05-18,,,12.0,,12.0
NO2,2025-05-19,,,19.0,,19.0
NO2,2025-05-20,,,18.0,,18.0
NO2,2025-05-21,,,11.0,,11.0
NO2,2025-05-22,,,11.0,,11.0
NO2,2025-05-23,,,11.0,,11.0
NO2,2025-05-24,,,11.0,,11.0
NO2,2025-05-25,,,12.0,,12.0
NO2,2025-05-26,,,18.0,,18.0
NO2,2025-05-27,,,16.0,,16.0
NO2,2025-05-28,,,10.0,,10.0
NO2,2025-05-29,,,10.0,,10.0
NO2,2025-05-30,,,11.0,,11.0
NO2,2025-05-31,,,12.0,,12.0
NO2,2025-06-01,,,14.0,,14.0
NO2,2025-06-02,,,12.0,,12.0
NO2,2025-06-03,,,11.0,,11.0
NO2,2025-06-04,,,11.0,,11.0
NO2,2025-06-05,,,11.0,,11.0
NO2,2025-06-06,,,10.0,,10.0
NO2,2025-06-07,,,15.0,,15.0
NO2,2025-06-08,,,14.0,,14.0
NO2,2025-06-09,,,11.0,,11.0
NO2,2025-06-10,,,11.0,,11.0
NO2,2025-06-11,,,10.0,,10.0
NO2,2025-06-12,,,15.0,,15.0
NO2,2025-06-13,,,14.0,,14.0
NO2,2025-06-14,,,11.0,,11.0
NO2,2025-06-15,,,11.0,,11.0
NO2,2025-06-16,,,10.0,,10.0
NO2,2025-06-17,,,,,
NO2,2025-06-18,,,,,
NO2,2025-06-19,,,,,
NO2,2025-06-20,,,,,
NO2,2025-06-21,,,,,
NO2,2025-06-22,,,,,
NO2,2025-06-23,,,,,
NO2,2025-06-24,,,,,
NO2,2025-06-25,,,5.0,,5.0
NO2,2025-06-26,,,5.0,,5.0
NO2,2025-06-27,,,5.0,,5.0
NO2,2025-06-28,,,5.0,,5.0
NO2,2025-06-29,,,2.0,,2.0
NO2,2025-06-30,,,3.0,,3.0
SE,2020-01-01,,24.0,,,24.0
SE,2020-01-02,,27.0,,,27.0
SE,2020-01-03,,36.0,,,36.0
SE,2020-01-04,,38.0,,,38.0
SE,2020-01-05,,44.0,,,44.0
SE,2020-01-06,,49.0,,,49.0
SE,2020-01-07,,47.0,,,47.0
SE,2020-01-08,,38.0,,,38.0
SE,2020-01-09,,29.0,,,29.0
SE,2020-01-10,,27.0,,,27.0
SE,2020-01-11,,42.0,,,42.0
SE,2020-01-12,,40.0,,,40.0
SE,2020-01-13,,22.0,,,22.0
SE,2020-01-14,,77.0,,,77.0
SE,2020-01-15,,33.0,,,33.0
SE,2020-01-16,,18.0,,,18.0
SE,2020-01-17,,17.0,,,17.0
SE,2020-01-18,,28.0,,,28.0
SE,2020-01-19,,23.0,,,23.0
SE,2020-01-20,,39.0,,,39.0
SE,2020-01-21,,38.0,,,38.0
SE,2020-01-22,,31.0,,,31.0
SE,2020-01-23,,38.0,,,38.0
SE,2020-01-24,,39.0,,,39.0
SE,2020-01-25,,34.0,,,34.0
SE,2020-01-26,,40.0,,,40.0
SE,2020-01-27,,47.0,,,47.0
SE,2020-01-28,,37.0,,,37.0
SE,2020-01-29,,41.0,,,41.0
SE,2020-01-30,,37.0,,,37.0
SE,2020-01-31,,35.0,,,35.0
SE,2020-02-01,,36.0,,,36.0
SE,2020-02-02,,45.0,,,45.0
SE,2020-02-03,,37.0,,,37.0
SE,2020-02-04,,33.0,,,33.0
SE,2020-02-05,,23.0,,,23.0
SE,2020-02-06,,34.0,,,34.0
SE,2020-02-07,,44.0,,,44.0
SE,2020-02-08,,44.0,,,44.0
SE,2020-02-09,,58.0,,,58.0
SE,2020-02-10,,101.0,,,101.0
SE,2020-02-11,,38.0,,,38.0
SE,2020-02-12,,8.0,,,8.0
SE,2020-02-13,,38.0,,,38.0
SE,2020-02-14,,36.0,,,36.0
SE,2020-02-15,,34.0,,,34.0
SE,2020-02-16,,97.0,,,97.0
SE,2020-02-17,,58.0,,,58.0
SE,2020-02-18,,44.0,,,44.0
SE,2020-02-19,,27.0,,,27.0
SE,2020-02-20,,15.0,,,15.0
SE,2020-02-21,,31.0,,,31.0
SE,2020-02-22,,36.0,,,36.0
SE,2020-02-23,,42.0,,,42.0
SE,2020-02-24,,41.0,,,41.0
SE,2020-02-25,,64.0,,,64.0
SE,2020-02-26,,42.0,,,42.0
SE,2020-02-27,,46.0,,,46.0
SE,2020-02-28,,51.0,,,51.0
SE,2020-02-29,,46.0,,,46.0
SE,2020-03-01,,77.0,,,77.0
SE,2020-03-02,,47.0,,,47.0
SE,2020-03-03,,36.0,,,36.0
SE,2020-03-04,,40.0,,,40.0
SE,2020-03-05,,45.0,,,45.0
SE,2020-03-06,,49.0,,,49.0
SE,2020-03-07,,46.0,,,46.0
SE,2020-03-08,,43.0,,,43.0
SE,2020-03-09,,33.0,,,33.0
SE,2020-03-10,,35.0,,,35.0
SE,2020-03-11,,37.0,,,37.0
SE,2020-03-12,,58.0,,,58.0
SE,2020-03-13,,80.0,,,80.0
SE,2020-03-14,,80.0,,,80.0
SE,2020-03-15,,32.0,,,32.0
SE,2020-03-16,,21.0,,,21.0
SE,2020-03-17,,41.0,,,41.0
SE,2020-03-18,,35.0,,,35.0
SE,2020-03-19,,47.0,,,47.0
SE,2020-03-20,,33.0,,,33.0
SE,2020-03-21,,19.0,,,19.0
SE,2020-03-22,,29.0,,,29.0
SE,2020-03-23,,51.0,,,51.0
SE,2020-03-24,,80.0,,,80.0
SE,2020-03-25,,51.0,,,51.0
SE,2020-03-26,,54.0,,,54.0
SE,2020-03-27,,112.0,,,112.0
SE,2020-03-28,,42.0,,,42.0
SE,2020-03-29,,41.0,,,41.0
SE,2020-03-30,,45.0,,,45.0
SE,2020-03-31,,64.0,,,64.0
SE,2020-04-01,,47.0,,,47.0
SE,2020-04-02,,44.0,,,44.0
SE,2020-04-03,,30.0,,,30.0
SE,2020-04-04,,21.0,,,21.0
SE,2020-04-05,,25.0,,,25.0
SE,2020-04-06,,39.0,,,39.0
SE,2020-04-07,,42.0,,,42.0
SE,2020-04-08,,54.0,,,54.0
SE,2020-04-09,,93.0,,,93.0
SE,2020-04-10,,39.0,,,39.0
SE,2020-04-11,,45.0,,,45.0
SE,2020-04-12,,51.0,,,51.0
SE,2020-04-13,,50.0,,,50.0
SE,2020-04-14,,48.0,,,48.0
SE,2020-04-15,,37.0,,,37.0
SE,2020-04-16,,30.0,,,30.0
SE,2020-04-17,,71.0,,,71.0
SE,2020-04-18,,34.0,,,34.0
SE,2020-04-19,,43.0,,,43.0
SE,2020-04-20,,54.0,,,54.0
SE,2020-04-21,,42.0,,,42.0
SE,2020-04-22,,115.0,,,115.0
SE,2020-04-23,,101.0,,,101.0
SE,2020-04-24,,166.0,,,166.0
SE,2020-04-25,,58.0,,,58.0
SE,2020-04-26,,43.0,,,43.0
SE,2020-04-27,,42.0,,,42.0
SE,2020-04-28,,97.0,,,97.0
SE,2020-04-29,,49.0,,,49.0
SE,2020-04-30,,48.0,,,48.0
SE,2020-05-01,,80.0,,,80.0
SE,2020-05-02,,87.0,,,87.0
SE,2020-05-03,,61.0,,,61.0
SE,2020-05-04,,51.0,,,51.0
SE,2020-05-05,,71.0,,,71.0
SE,2020-05-06,,77.0,,,77.0
SE,2020-05-07,,46.0,,,46.0
SE,2020-05-08,,67.0,,,67.0
SE,2020-05-09,,39.0,,,39.0
SE,2020-05-10,,42.0,,,42.0
SE,2020-05-11,,41.0,,,41.0
SE,2020-05-12,,47.0,,,47.0
SE,2020-05-13,,35.0,,,35.0
SE,2020-05-14,,34.0,,,34.0
SE,2020-05-15,,41.0,,,41.0
SE,2020-05-16,,44.0,,,44.0
SE,2020-05-17,,71.0,,,71.0
SE,2020-05-18,,54.0,,,54.0
SE,2020-05-19,,101.0,,,101.0
SE,2020-05-20,,46.0,,,46.0
SE,2020-05-21,,41.0,,,41.0
SE,2020-05-22,,61.0,,,61.0
SE,2020-05-23,,47.0,,,47.0
SE,2020-05-24,,45.0,,,45.0
SE,2020-05-25,,40.0,,,40.0
SE,2020-05-26,,47.0,,,47.0
SE,2020-05-27,,44.0,,,44.0
SE,2020-05-28,,44.0,,,44.0
SE,2020-05-29,,48.0,,,48.0
SE,2020-05-30,,46.0,,,46.0
SE,2020-05-31,,64.0,,,64.0
SE,2020-06-01,,44.0,,,44.0
SE,2020-06-02,,27.0,,,27.0
SE,2020-06-03,,23.0,,,23.0
SE,2020-06-04,,32.0,,,32.0
SE,2020-06-05,,24.0,,,24.0
SE,2020-06-06,,40.0,,,40.0
SE,2020-06-07,,42.0,,,42.0
SE,2020-06-08,,64.0,,,64.0
SE,2020-06-09,,93.0,,,93.0
SE,2020-06-10,,49.0,,,49.0
SE,2020-06-11,,31.0,,,31.0
SE,2020-06-12,,84.0,,,84.0
SE,2020-06-13,,129.0,,,129.0
SE,2020-06-14,,129.0,,,129.0
SE,2020-06-15,,77.0,,,77.0
SE,2020-06-16,,38.0,,,38.0
SE,2020-06-17,,27.0,,,27.0
SE,2020-06-18,,39.0,,,39.0
SE,2020-06-19,,34.0,,,34.0
SE,2020-06-20,,34.0,,,34.0
SE,2020-06-21,,35.0,,,35.0
SE,2020-06-22,,64.0,,,64.0
SE,2020-06-23,,27.0,,,27.0
SE,2020-06-24,,49.0,,,49.0
SE,2020-06-25,,40.0,,,40.0
SE,2020-06-26,,26.0,,,26.0
SE,2020-06-27,,35.0,,,35.0
SE,2020-06-28,,38.0,,,38.0
SE,2020-06-29,,31.0,,,31.0
SE,2020-06-30,,35.0,,,35.0
SE,2020-07-01,,50.0,,,50.0
SE,2020-07-02,,67.0,,,67.0
SE,2020-07-03,,42.0,,,42.0
SE,2020-07-04,,54.0,,,54.0
SE,2020-07-05,,54.0,,,54.0
SE,2020-07-06,,41.0,,,41.0
SE,2020-07-07,,41.0,,,41.0
SE,2020-07-08,,43.0,,,43.0
SE,2020-07-09,,49.0,,,49.0
SE,2020-07-10,,80.0,,,80.0
SE,2020-07-11,,40.0,,,40.0
SE,2020-07-12,,39.0,,,39.0
SE,2020-07-13,,49.0,,,49.0
SE,2020-07-14,,45.0,,,45.0
SE,2020-07-15,,34.0,,,34.0
SE,2020-07-16,,30.0,,,30.0
SE,2020-07-17,,44.0,,,44.0
SE,2020-07-18,,39.0,,,39.0
SE,2020-07-19,,44.0,,,44.0
SE,2020-07-20,,34.0,,,34.0
SE,2020-07-21,,36.0,,,36.0
SE,2020-07-22,,38.0,,,38.0
SE,2020-07-23,,35.0,,,35.0
SE,2020-07-24,,41.0,,,41.0
SE,2020-07-25,,33.0,,,33.0
SE,2020-07-26,,32.0,,,32.0
SE,2020-07-27,,,,,
SE,2020-07-28,,19.0,,,19.0
SE,2020-07-29,,21.0,,,21.0
SE,2020-07-30,,20.0,,,20.0
SE,2020-07-31,,,,,
SE,2020-08-01,,,,,
SE,2020-08-02,,,,,
SE,2020-08-03,,,,,
SE,2020-08-04,,,,,
SE,2020-08-05,,,,,
SE,2020-08-06,,,,,
SE,2020-08-07,,,,,
SE,2020-08-08,,,,,
SE,2020-08-09,,,,,
SE,2020-08-10,,,,,
SE,2020-08-11,,,,,
SE,2020-08-12,,,,,
SE,2020-08-13,,,,,
SE,2020-08-14,,,,,
SE,2020-08-15,,,,,
SE,2020-08-16,,,,,
SE,2020-08-17,,,,,
SE,2020-08-18,,,,,
SE,2020-08-19,,,,,
SE,2020-08-20,,,,,
SE,2020-08-21,,,,,
SE,2020-08-22,,,,,
SE,2020-08-23,,,,,
SE,2020-08-24,,,,,
SE,2020-08-25,,,,,
SE,2020-08-26,,,,,
SE,2020-08-27,,,,,
SE,2020-08-28,,,,,
SE,2020-08-29,,,,,
SE,2020-08-30,,,,,
SE,2020-08-31,,,,,
SE,2020-09-01,,,,,
SE,2020-09-02,,,,,
SE,2020-09-03,,,,,
SE,2020-09-04,,,,,
SE,2020-09-05,,,,,
SE,2020-09-06,,,,,
SE,2020-09-07,,,,,
SE,2020-09-08,,,,,
SE,2020-09-09,,,,,
SE,2020-09-10,,,,,
SE,2020-09-11,,,,,
SE,2020-09-12,,,,,
SE,2020-09-13,,,,,
SE,2020-09-14,,,,,
SE,2020-09-15,,,,,
SE,2020-09-16,,,,,
SE,2020-09-17,,,,,
SE,2020-09-18,,,,,
SE,2020-09-19,,,,,
SE,2020-09-20,,,,,
SE,2020-09-21,,,,,
SE,2020-09-22,,,,,
SE,2020-09-23,,,,,
SE,2020-09-24,,,,,
SE,2020-09-25,,,,,
SE,2020-09-26,,,,,
SE,2020-09-27,,,,,
SE,2020-09-28,,,,,
SE,2020-09-29,,,,,
SE,2020-09-30,,,,,
SE,2020-10-01,,,,,
SE,2020-10-02,,,,,
SE,2020-10-03,,,,,
SE,2020-10-04,,,,,
SE,2020-10-05,,,,,
SE,2020-10-06,,,,,
SE,2020-10-07,,,,,
SE,2020-10-08,,,,,
SE,2020-10-09,,,,,
SE,2020-10-10,,,,,
SE,2020-10-11,,,,,
SE,2020-10-12,,,,,
SE,2020-10-13,,,,,
SE,2020-10-14,,,,,
SE,2020-10-15,,,,,
SE,2020-10-16,,,,,
SE,2020-10-17,,,,,
SE,2020-10-18,,,,,
SE,2020-10-19,,,,,
SE,2020-10-20,,,,,
SE,2020-10-21,,,,,
SE,2020-10-22,,,,,
SE,2020-10-23,,,,,
SE,2020-10-24,,,,,
SE,2020-10-25,,,,,
SE,2020-10-26,,,,,
SE,2020-10-27,,,,,
SE,2020-10-28,,,,,
SE,2020-10-29,,,,,
SE,2020-10-30,,,,,
SE,2020-10-31,,,,,
SE,2020-11-01,,,,,
SE,2020-11-02,,,,,
SE,2020-11-03,,,,,
SE,2020-11-04,,,,,
SE,2020-11-05,,,,,
SE,2020-11-06,,,,,
SE,2020-11-07,,,,,
SE,2020-11-08,,,,,
SE,2020-11-09,,,,,
SE,2020-11-10,,,,,
SE,2020-11-11,,,,,
SE,2020-11-12,,,,,
SE,2020-11-13,,,,,
SE,2020-11-14,,,,,
SE,2020-11-15,,,,,
SE,2020-11-16,,,,,
SE,2020-11-17,,,,,
SE,2020-11-18,,,,,
SE,2020-11-19,,,,,
SE,2020-11-20,,,,,
SE,2020-11-21,,,,,
SE,2020-11-22,,,,,
SE,2020-11-23,,,,,
SE,2020-11-24,,,,,
SE,2020-11-25,,,,,
SE,2020-11-26,,,,,
SE,2020-11-27,,,,,
SE,2020-11-28,,,,,
SE,2020-11-29,,,,,
SE,2020-11-30,,,,,
SE,2020-12-01,,,,,
SE,2020-12-02,,,,,
SE,2020-12-03,,,,,
SE,2020-12-04,,,,,
SE,2020-12-05,,,,,
SE,2020-12-06,,,,,
SE,2020-12-07,,,,,
SE,2020-12-08,,,,,
SE,2020-12-09,,,,,
SE,2020-12-10,,,,,
SE,2020-12-11,,,,,
SE,2020-12-12,,,,,
SE,2020-12-13,,,,,
SE,2020-12-14,,,,,
SE,2020-12-15,,,,,
SE,2020-12-16,,,,,
SE,2020-12-17,,,,,
SE,2020-12-18,,,,,
SE,2020-12-19,,,,,
SE,2020-12-20,,,,,
SE,2020-12-21,,,,,
SE,2020-12-22,,,,,
SE,2020-12-23,,,,,
SE,2020-12-24,,,,,
SE,2020-12-25,,,,,
SE,2020-12-26,,,,,
SE,2020-12-27,,,,,
SE,2020-12-28,,,,,
SE,2020-12-29,,,,,
SE,2020-12-30,,,,,
SE,2020-12-31,,,,,
SE,2021-01-01,,,,,
SE,2021-01-02,,,,,
SE,2021-01-03,,,,,
SE,2021-01-04,,,,,
SE,2021-01-05,,,,,
SE,2021-01-06,,,,,
SE,2021-01-07,,,,,
SE,2021-01-08,,,,,
SE,2021-01-09,,,,,
SE,2021-01-10,,,,,
SE,2021-01-11,,,,,
SE,2021-01-12,,,,,
SE,2021-01-13,,,,,
SE,2021-01-14,,,,,
SE,2021-01-15,,,,,
SE,2021-01-16,,,,,
SE,2021-01-17,,,,,
SE,2021-01-18,,,,,
SE,2021-01-19,,,,,
SE,2021-01-20,,,,,
SE,2021-01-21,,,,,
SE,2021-01-22,,,,,
SE,2021-01-23,,,,,
SE,2021-01-24,,,,,
SE,2021-01-25,,,,,
SE,2021-01-26,,,,,
SE,2021-01-27,,,,,
SE,2021-01-28,,,,,
SE,2021-01-29,,,,,
SE,2021-01-30,,,,,
SE,2021-01-31,,,,,
SE,2021-02-01,,,,,
SE,2021-02-02,,,,,
SE,2021-02-03,,,,,
SE,2021-02-04,,,,,
SE,2021-02-05,,,,,
SE,2021-02-06,,,,,
SE,2021-02-07,,,,,
SE,2021-02-08,,,,,
SE,2021-02-09,,,,,
SE,2021-02-10,,,,,
SE,2021-02-11,,,,,
SE,2021-02-12,,,,,
SE,2021-02-13,,,,,
SE,2021-02-14,,,,,
SE,2021-02-15,,,,,
SE,2021-02-16,,,,,
SE,2021-02-17,,,,,
SE,2021-02-18,,,,,
SE,2021-02-19,,,,,
SE,2021-02-20,,,,,
SE,2021-02-21,,,,,
SE,2021-02-22,,,,,
SE,2021-02-23,,,,,
SE,2021-02-24,,,,,
SE,2021-02-25,,,,,
SE,2021-02-26,,,,,
SE,2021-02-27,,,,,
SE,2021-02-28,,,,,
SE,2021-03-01,,,,,
SE,2021-03-02,,,,,
SE,2021-03-03,,,,,
SE,2021-03-04,,,,,
SE,2021-03-05,,,,,
SE,2021-03-06,,,,,
SE,2021-03-07,,,,,
SE,2021-03-08,,,,,
SE,2021-03-09,,,,,
SE,2021-03-10,,,,,
SE,2021-03-11,,,,,
SE,2021-03-12,,,,,
SE,2021-03-13,,,,,
SE,2021-03-14,,,,,
SE,2021-03-15,,,,,
SE,2021-03-16,,,,,
SE,2021-03-17,,,,,
SE,2021-03-18,,,,,
SE,2021-03-19,,,,,
SE,2021-03-20,,,,,
SE,2021-03-21,,,,,
SE,2021-03-22,,,,,
SE,2021-03-23,,,,,
SE,2021-03-24,,,,,
SE,2021-03-25,,,,,
SE,2021-03-26,,,,,
SE,2021-03-27,,,,,
SE,2021-03-28,,,,,
SE,2021-03-29,,,,,
SE,2021-03-30,,,,,
SE,2021-03-31,,,,,
SE,2021-04-01,,,,,
SE,2021-04-02,,,,,
SE,2021-04-03,,,,,
SE,2021-04-04,,,,,
SE,2021-04-05,,,,,
SE,2021-04-06,,,,,
SE,2021-04-07,,,,,
SE,2021-04-08,,,,,
SE,2021-04-09,,,,,
SE,2021-04-10,,,,,
SE,2021-04-11,,,,,
SE,2021-04-12,,,,,
SE,2021-04-13,,,,,
SE,2021-04-14,,,,,
SE,2021-04-15,,,,,
SE,2021-04-16,,,,,
SE,2021-04-17,,,,,
SE,2021-04-18,,,,,
SE,2021-04-19,,,,,
SE,2021-04-20,,,,,
SE,2021-04-21,,,,,
SE,2021-04-22,,,,,
SE,2021-04-23,,,,,
SE,2021-04-24,,,,,
SE,2021-04-25,,,,,
SE,2021-04-26,,,,,
SE,2021-04-27,,,,,
SE,2021-04-28,,,,,
SE,2021-04-29,,,,,
SE,2021-04-30,,,,,
SE,2021-05-01,,,,,
SE,2021-05-02,,,,,
SE,2021-05-03,,,,,
SE,2021-05-04,,,,,
SE,2021-05-05,,,,,
SE,2021-05-06,,,,,
SE,2021-05-07,,,,,
SE,2021-05-08,,,,,
SE,2021-05-09,,,,,
SE,2021-05-10,,,,,
SE,2021-05-11,,,,,
SE,2021-05-12,,,,,
SE,2021-05-13,,,,,
SE,2021-05-14,,,,,
SE,2021-05-15,,,,,
SE,2021-05-16,,,,,
SE,2021-05-17,,,,,
SE,2021-05-18,,,,,
SE,2021-05-19,,,,,
SE,2021-05-20,,,,,
SE,2021-05-21,,,,,
SE,2021-05-22,,,,,
SE,2021-05-23,,,,,
SE,2021-05-24,,,,,
SE,2021-05-25,,,,,
SE,2021-05-26,,,,,
SE,2021-05-27,,,,,
SE,2021-05-28,,,,,
SE,2021-05-29,,,,,
SE,2021-05-30,,,,,
SE,2021-05-31,,,,,
SE,2021-06-01,,,,,
SE,2021-06-02,,,,,
SE,2021-06-03,,,,,
SE,2021-06-04,,,,,
SE,2021-06-05,,,,,
SE,2021-06-06,,,,,
SE,2021-06-07,,,,,
SE,2021-06-08,,,,,
SE,2021-06-09,,,,,
SE,2021-06-10,,,,,
SE,2021-06-11,,,,,
SE,2021-06-12,,,,,
SE,2021-06-13,,,,,
SE,2021-06-14,,,,,
SE,2021-06-15,,,,,
SE,2021-06-16,,,,,
SE,2021-06-17,,,,,
SE,2021-06-18,,,,,
SE,2021-06-19,,,,,
SE,2021-06-20,,,,,
SE,2021-06-21,,,,,
SE,2021-06-22,,,,,
SE,2021-06-23,,,,,
SE,2021-06-24,,,,,
SE,2021-06-25,,,,,
SE,2021-06-26,,,,,
SE,2021-06-27,,,,,
SE,2021-06-28,,,,,
SE,2021-06-29,,,,,
SE,2021-06-30,,,,,
SE,2021-07-01,,,,,
SE,2021-07-02,,,,,
SE,2021-07-03,,,,,
SE,2021-07-04,,,,,
SE,2021-07-05,,,,,
SE,2021-07-06,,,,,
SE,2021-07-07,,,,,
SE,2021-07-08,,,,,
SE,2021-07-09,,,,,
SE,2021-07-10,,,,,
SE,2021-07-11,,,,,
SE,2021-07-12,,,,,
SE,2021-07-13,,,,,
SE,2021-07-14,,,,,
SE,2021-07-15,,,,,
SE,2021-07-16,,,,,
SE,2021-07-17,,,,,
SE,2021-07-18,,,,,
SE,2021-07-19,,,,,
SE,2021-07-20,,,,,
SE,2021-07-21,,,,,
SE,2021-07-22,,,,,
SE,2021-07-23,,,,,
SE,2021-07-24,,,,,
SE,2021-07-25,,,,,
SE,2021-07-26,,,,,
SE,2021-07-27,,,,,
SE,2021-07-28,,,,,
SE,2021-07-29,,,,,
SE,2021-07-30,,,,,
SE,2021-07-31,,,,,
SE,2021-08-01,,,,,
SE,2021-08-02,,,,,
SE,2021-08-03,,,,,
SE,2021-08-04,,,,,
SE,2021-08-05,,,,,
SE,2021-08-06,,,,,
SE,2021-08-07,,,,,
SE,2021-08-08,,,,,
SE,2021-08-09,,,,,
SE,2021-08-10,,,,,
SE,2021-08-11,,,,,
SE,2021-08-12,,,,,
SE,2021-08-13,,,,,
SE,2021-08-14,,,,,
SE,2021-08-15,,,,,
SE,2021-08-16,,,,,
SE,2021-08-17,,,,,
SE,2021-08-18,,,,,
SE,2021-08-19,,,,,
SE,2021-08-20,,,,,
SE,2021-08-21,,,,,
SE,2021-08-22,,,,,
SE,2021-08-23,,,,,
SE,2021-08-24,,,,,
SE,2021-08-25,,,,,
SE,2021-08-26,,,,,
SE,2021-08-27,,,,,
SE,2021-08-28,,,,,
SE,2021-08-29,,,,,
SE,2021-08-30,,,,,
SE,2021-08-31,,,,,
SE,2021-09-01,,,,,
SE,2021-09-02,,,,,
SE,2021-09-03,,,,,
SE,2021-09-04,,,,,
SE,2021-09-05,,,,,
SE,2021-09-06,,,,,
SE,2021-09-07,,,,,
SE,2021-09-08,,,,,
SE,2021-09-09,,,,,
SE,2021-09-10,,,,,
SE,2021-09-11,,,,,
SE,2021-09-12,,,,,
SE,2021-09-13,,,,,
SE,2021-09-14,,,,,
SE,2021-09-15,,,,,
SE,2021-09-16,,,,,
SE,2021-09-17,,,,,
SE,2021-09-18,,,,,
SE,2021-09-19,,,,,
SE,2021-09-20,,,,,
SE,2021-09-21,,,,,
SE,2021-09-22,,,,,
SE,2021-09-23,,,,,
SE,2021-09-24,,,,,
SE,2021-09-25,,,,,
SE,2021-09-26,,,,,
SE,2021-09-27,,,,,
SE,2021-09-28,,,,,
SE,2021-09-29,,,,,
SE,2021-09-30,,,,,
SE,2021-10-01,,,,,
SE,2021-10-02,,,,,
SE,2021-10-03,,,,,
SE,2021-10-04,,,,,
SE,2021-10-05,,,,,
SE,2021-10-06,,,,,
SE,2021-10-07,,,,,
SE,2021-10-08,,,,,
SE,2021-10-09,,,,,
SE,2021-10-10,,,,,
SE,2021-10-11,,,,,
SE,2021-10-12,,,,,
SE,2021-10-13,,,,,
SE,2021-10-14,,,,,
SE,2021-10-15,,,,,
SE,2021-10-16,,,,,
SE,2021-10-17,,,,,
SE,2021-10-18,,,,,
SE,2021-10-19,,,,,
SE,2021-10-20,,,,,
SE,2021-10-21,,,,,
SE,2021-10-22,,,,,
SE,2021-10-23,,,,,
SE,2021-10-24,,,,,
SE,2021-10-25,,,,,
SE,2021-10-26,,,,,
SE,2021-10-27,,,,,
SE,2021-10-28,,,,,
SE,2021-10-29,,,,,
SE,2021-10-30,,,,,
SE,2021-10-31,,,,,
SE,2021-11-01,,,,,
SE,2021-11-02,,,,,
SE,2021-11-03,,,,,
SE,2021-11-04,,,,,
SE,2021-11-05,,,,,
SE,2021-11-06,,,,,
SE,2021-11-07,,,,,
SE,2021-11-08,,,,,
SE,2021-11-09,,,,,
SE,2021-11-10,,,,,
SE,2021-11-11,,,,,
SE,2021-11-12,,,,,
SE,2021-11-13,,,,,
SE,2021-11-14,,,,,
SE,2021-11-15,,,,,
SE,2021-11-16,,,,,
SE,2021-11-17,,,,,
SE,2021-11-18,,,,,
SE,2021-11-19,,,,,
SE,2021-11-20,,,,,
SE,2021-11-21,,,,,
SE,2021-11-22,,,,,
SE,2021-11-23,,,,,
SE,2021-11-24,,,,,
SE,2021-11-25,,,,,
SE,2021-11-26,,,,,
SE,2021-11-27,,,,,
SE,2021-11-28,,,,,
SE,2021-11-29,,,,,
SE,2021-11-30,,,,,
SE,2021-12-01,,,,,
SE,2021-12-02,,,,,
SE,2021-12-03,,,,,
SE,2021-12-04,,,,,
SE,2021-12-05,,,,,
SE,2021-12-06,,,,,
SE,2021-12-07,,,,,
SE,2021-12-08,,,,,
SE,2021-12-09,,,,,
SE,2021-12-10,,,,,
SE,2021-12-11,,,,,
SE,2021-12-12,,,,,
SE,2021-12-13,,,,,
SE,2021-12-14,,,,,
SE,2021-12-15,,,,,
SE,2021-12-16,,,,,
SE,2021-12-17,,,,,
SE,2021-12-18,,,,,
SE,2021-12-19,,,,,
SE,2021-12-20,,,,,
SE,2021-12-21,,,,,
SE,2021-12-22,,,,,
SE,2021-12-23,,,,,
SE,2021-12-24,,,,,
SE,2021-12-25,,,,,
SE,2021-12-26,,,,,
SE,2021-12-27,,,,,
SE,2021-12-28,,,,,
SE,2021-12-29,,,,,
SE,2021-12-30,,,,,
SE,2021-12-31,,,,,
SE,2022-01-01,,,,,
SE,2022-01-02,,,,,
SE,2022-01-03,,,,,
SE,2022-01-04,,,,,
SE,2022-01-05,,,,,
SE,2022-01-06,,,,,
SE,2022-01-07,,,,,
SE,2022-01-08,,,,,
SE,2022-01-09,,,,,
SE,2022-01-10,,,,,
SE,2022-01-11,,,,,
SE,2022-01-12,,,,,
SE,2022-01-13,,,,,
SE,2022-01-14,,,,,
SE,2022-01-15,,,,,
SE,2022-01-16,,,,,
SE,2022-01-17,,,,,
SE,2022-01-18,,,,,
SE,2022-01-19,,,,,
SE,2022-01-20,,,,,
SE,2022-01-21,,,,,
SE,2022-01-22,,,,,
SE,2022-01-23,,,,,
SE,2022-01-24,,,,,
SE,2022-01-25,,,,,
SE,2022-01-26,,,,,
SE,2022-01-27,,,,,
SE,2022-01-28,,,,,
SE,2022-01-29,,,,,
SE,2022-01-30,,,,,
SE,2022-01-31,,,,,
SE,2022-02-01,,,,,
SE,2022-02-02,,,,,
SE,2022-02-03,,,,,
SE,2022-02-04,,,,,
SE,2022-02-05,,,,,
SE,2022-02-06,,,,,
SE,2022-02-07,,,,,
SE,2022-02-08,,,,,
SE,2022-02-09,,,,,
SE,2022-02-10,,,,,
SE,2022-02-11,,,,,
SE,2022-02-12,,,,,
SE,2022-02-13,,,,,
SE,2022-02-14,,,,,
SE,2022-02-15,,,,,
SE,2022-02-16,,,,,
SE,2022-02-17,,,,,
SE,2022-02-18,,,,,
SE,2022-02-19,,,,,
SE,2022-02-20,,,,,
SE,2022-02-21,,,,,
SE,2022-02-22,,,,,
SE,2022-02-23,,,,,
SE,2022-02-24,,,,,
SE,2022-02-25,,,,,
SE,2022-02-26,,,,,
SE,2022-02-27,,,,,
SE,2022-02-28,,,,,
SE,2022-03-01,,,,,
SE,2022-03-02,,,,,
SE,2022-03-03,,,,,
SE,2022-03-04,,,,,
SE,2022-03-05,,,,,
SE,2022-03-06,,,,,
SE,2022-03-07,,,,,
SE,2022-03-08,,,,,
SE,2022-03-09,,,,,
SE,2022-03-10,,,,,
SE,2022-03-11,,,,,
SE,2022-03-12,,,,,
SE,2022-03-13,,,,,
SE,2022-03-14,,,,,
SE,2022-03-15,,,,,
SE,2022-03-16,,,,,
SE,2022-03-17,,,,,
SE,2022-03-18,,,,,
SE,2022-03-19,,,,,
SE,2022-03-20,,,,,
SE,2022-03-21,,,,,
SE,2022-03-22,,,,,
SE,2022-03-23,,,,,
SE,2022-03-24,,,,,
SE,2022-03-25,,,,,
SE,2022-03-26,,,,,
SE,2022-03-27,,,,,
SE,2022-03-28,,,,,
SE,2022-03-29,,,,,
SE,2022-03-30,,,,,
SE,2022-03-31,,,,,
SE,2022-04-01,,,,,
SE,2022-04-02,,,,,
SE,2022-04-03,,,,,
SE,2022-04-04,,,,,
SE,2022-04-05,,,,,
SE,2022-04-06,,,,,
SE,2022-04-07,,,,,
SE,2022-04-08,,,,,
SE,2022-04-09,,,,,
SE,2022-04-10,,,,,
SE,2022-04-11,,,,,
SE,2022-04-12,,,,,
SE,2022-04-13,,,,,
SE,2022-04-14,,,,,
SE,2022-04-15,,,,,
SE,2022-04-16,,,,,
SE,2022-04-17,,,,,
SE,2022-04-18,,,,,
SE,2022-04-19,,,,,
SE,2022-04-20,,,,,
SE,2022-04-21,,,,,
SE,2022-04-22,,,,,
SE,2022-04-23,,,,,
SE,2022-04-24,,,,,
SE,2022-04-25,,,,,
SE,2022-04-26,,,,,
SE,2022-04-27,,,,,
SE,2022-04-28,,,,,
SE,2022-04-29,,,,,
SE,2022-04-30,,,,,
SE,2022-05-01,,,,,
SE,2022-05-02,,,,,
SE,2022-05-03,,,,,
SE,2022-05-04,,,,,
SE,2022-05-05,,,,,
SE,2022-05-06,,,,,
SE,2022-05-07,,,,,
SE,2022-05-08,,,,,
SE,2022-05-09,,,,,
SE,2022-05-10,,,,,
SE,2022-05-11,,,,,
SE,2022-05-12,,,,,
SE,2022-05-13,,,,,
SE,2022-05-14,,,,,
SE,2022-05-15,,,,,
SE,2022-05-16,,,,,
SE,2022-05-17,,,,,
SE,2022-05-18,,,,,
SE,2022-05-19,,,,,
SE,2022-05-20,,,,,
SE,2022-05-21,,,,,
SE,2022-05-22,,,,,
SE,2022-05-23,,,,,
SE,2022-05-24,,,,,
SE,2022-05-25,,,,,
SE,2022-05-26,,,,,
SE,2022-05-27,,,,,
SE,2022-05-28,,,,,
SE,2022-05-29,,,,,
SE,2022-05-30,,,,,
SE,2022-05-31,,,,,
SE,2022-06-01,,,,,
SE,2022-06-02,,,,,
SE,2022-06-03,,,,,
SE,2022-06-04,,,,,
SE,2022-06-05,,,,,
SE,2022-06-06,,,,,
SE,2022-06-07,,,,,
SE,2022-06-08,,,,,
SE,2022-06-09,,,,,
SE,2022-06-10,,,,,
SE,2022-06-11,,,,,
SE,2022-06-12,,,,,
SE,2022-06-13,,,,,
SE,2022-06-14,,,,,
SE,2022-06-15,,,,,
SE,2022-06-16,,,,,
SE,2022-06-17,,,,,
SE,2022-06-18,,,,,
SE,2022-06-19,,,,,
SE,2022-06-20,,,,,
SE,2022-06-21,,,,,
SE,2022-06-22,,,,,
SE,2022-06-23,,,,,
SE,2022-06-24,,,,,
SE,2022-06-25,,,,,
SE,2022-06-26,,,,,
SE,2022-06-27,,,,,
SE,2022-06-28,,,,,
SE,2022-06-29,,,,,
SE,2022-06-30,,,,,
SE,2022-07-01,,,,,
SE,2022-07-02,,,,,
SE,2022-07-03,,,,,
SE,2022-07-04,,,,,
SE,2022-07-05,,,,,
SE,2022-07-06,,,,,
SE,2022-07-07,,,,,
SE,2022-07-08,,,,,
SE,2022-07-09,,,,,
SE,2022-07-10,,,,,
SE,2022-07-11,,,,,
SE,2022-07-12,,,,,
SE,2022-07-13,,,,,
SE,2022-07-14,,,,,
SE,2022-07-15,,,,,
SE,2022-07-16,,,,,
SE,2022-07-17,,,,,
SE,2022-07-18,,,,,
SE,2022-07-19,,,,,
SE,2022-07-20,,,,,
SE,2022-07-21,,,,,
SE,2022-07-22,,,,,
SE,2022-07-23,,,,,
SE,2022-07-24,,,,,
SE,2022-07-25,,,,,
SE,2022-07-26,,,,,
SE,2022-07-27,,,,,
SE,2022-07-28,,,,,
SE,2022-07-29,,,,,
SE,2022-07-30,,,,,
SE,2022-07-31,,,,,
SE,2022-08-01,,,,,
SE,2022-08-02,,,,,
SE,2022-08-03,,,,,
SE,2022-08-04,,,,,
SE,2022-08-05,,,,,
SE,2022-08-06,,,,,
SE,2022-08-07,,,,,
SE,2022-08-08,,,,,
SE,2022-08-09,,,,,
SE,2022-08-10,,,,,
SE,2022-08-11,,,,,
SE,2022-08-12,,,,,
SE,2022-08-13,,,,,
SE,2022-08-14,,,,,
SE,2022-08-15,,,,,
SE,2022-08-16,,,,,
SE,2022-08-17,,,,,
SE,2022-08-18,,,,,
SE,2022-08-19,,,,,
SE,2022-08-20,,,,,
SE,2022-08-21,,,,,
SE,2022-08-22,,,,,
SE,2022-08-23,,,,,
SE,2022-08-24,,,,,
SE,2022-08-25,,,,,
SE,2022-08-26,,,,,
SE,2022-08-27,,,,,
SE,2022-08-28,,,,,
SE,2022-08-29,,,,,
SE,2022-08-30,,,,,
SE,2022-08-31,,,,,
SE,2022-09-01,,,,,
SE,2022-09-02,,,,,
SE,2022-09-03,,,,,
SE,2022-09-04,,,,,
SE,2022-09-05,,,,,
SE,2022-09-06,,,,,
SE,2022-09-07,,,,,
SE,2022-09-08,,,,,
SE,2022-09-09,,,,,
SE,2022-09-10,,,,,
SE,2022-09-11,,,,,
SE,2022-09-12,,,,,
SE,2022-09-13,,,,,
SE,2022-09-14,,,,,
SE,2022-09-15,,,,,
SE,2022-09-16,,,,,
SE,2022-09-17,,,,,
SE,2022-09-18,,,,,
SE,2022-09-19,,,,,
SE,2022-09-20,,,,,
SE,2022-09-21,,,,,
SE,2022-09-22,,,,,
SE,2022-09-23,,,,,
SE,2022-09-24,,,,,
SE,2022-09-25,,,,,
SE,2022-09-26,,,,,
SE,2022-09-27,,,,,
SE,2022-09-28,,,,,
SE,2022-09-29,,,,,
SE,2022-09-30,,,,,
SE,2022-10-01,,,,,
SE,2022-10-02,,,,,
SE,2022-10-03,,,,,
SE,2022-10-04,,,,,
SE,2022-10-05,,,,,
SE,2022-10-06,,,,,
SE,2022-10-07,,,,,
SE,2022-10-08,,,,,
SE,2022-10-09,,,,,
SE,2022-10-10,,,,,
SE,2022-10-11,,,,,
SE,2022-10-12,,,,,
SE,2022-10-13,,,,,
SE,2022-10-14,,,,,
SE,2022-10-15,,,,,
SE,2022-10-16,,,,,
SE,2022-10-17,,,,,
SE,2022-10-18,,,,,
SE,2022-10-19,,,,,
SE,2022-10-20,,,,,
SE,2022-10-21,,,,,
SE,2022-10-22,,,,,
SE,2022-10-23,,,,,
SE,2022-10-24,,,,,
SE,2022-10-25,,,,,
SE,2022-10-26,,,,,
SE,2022-10-27,,,,,
SE,2022-10-28,,,,,
SE,2022-10-29,,,,,
SE,2022-10-30,,,,,
SE,2022-10-31,,,,,
SE,2022-11-01,,,,,
SE,2022-11-02,,,,,
SE,2022-11-03,,,,,
SE,2022-11-04,,,,,
SE,2022-11-05,,,,,
SE,2022-11-06,,,,,
SE,2022-11-07,,,,,
SE,2022-11-08,,,,,
SE,2022-11-09,,,,,
SE,2022-11-10,,,,,
SE,2022-11-11,,,,,
SE,2022-11-12,,,,,
SE,2022-11-13,,,,,
SE,2022-11-14,,,,,
SE,2022-11-15,,,,,
SE,2022-11-16,,,,,
SE,2022-11-17,,,,,
SE,2022-11-18,,,,,
SE,2022-11-19,,,,,
SE,2022-11-20,,,,,
SE,2022-11-21,,,,,
SE,2022-11-22,,,,,
SE,2022-11-23,,,,,
SE,2022-11-24,,,,,
SE,2022-11-25,,,,,
SE,2022-11-26,,,,,
SE,2022-11-27,,,,,
SE,2022-11-28,,,,,
SE,2022-11-29,,,,,
SE,2022-11-30,,,,,
SE,2022-12-01,,,,,
SE,2022-12-02,,,,,
SE,2022-12-03,,,,,
SE,2022-12-04,,,,,
SE,2022-12-05,,,,,
SE,2022-12-06,,,,,
SE,2022-12-07,,,,,
SE,2022-12-08,,,,,
SE,2022-12-09,,,,,
SE,2022-12-10,,,,,
SE,2022-12-11,,,,,
SE,2022-12-12,,,,,
SE,2022-12-13,,,,,
SE,2022-12-14,,,,,
SE,2022-12-15,,,,,
SE,2022-12-16,,,,,
SE,2022-12-17,,,,,
SE,2022-12-18,,,,,
SE,2022-12-19,,,,,
SE,2022-12-20,,,,,
SE,2022-12-21,,,,,
SE,2022-12-22,,,,,
SE,2022-12-23,,,,,
SE,2022-12-24,,,,,
SE,2022-12-25,,,,,
SE,2022-12-26,,,,,
SE,2022-12-27,,,,,
SE,2022-12-28,,,,,
SE,2022-12-29,,,,,
SE,2022-12-30,,,,,
SE,2022-12-31,,,,,
SE,2023-01-01,,,,,
SE,2023-01-02,,,,,
SE,2023-01-03,,,,,
SE,2023-01-04,,,,,
SE,2023-01-05,,,,,
SE,2023-01-06,,,,,
SE,2023-01-07,,,,,
SE,2023-01-08,,,,,
SE,2023-01-09,,,,,
SE,2023-01-10,,,,,
SE,2023-01-11,,,,,
SE,2023-01-12,,,,,
SE,2023-01-13,,,,,
SE,2023-01-14,,,,,
SE,2023-01-15,,,,,
SE,2023-01-16,,,,,
SE,2023-01-17,,,,,
SE,2023-01-18,,,,,
SE,2023-01-19,,,,,
SE,2023-01-20,,,,,
SE,2023-01-21,,,,,
SE,2023-01-22,,,,,
SE,2023-01-23,,,,,
SE,2023-01-24,,,,,
SE,2023-01-25,,,,,
SE,2023-01-26,,,,,
SE,2023-01-27,,,,,
SE,2023-01-28,,,,,
SE,2023-01-29,,,,,
SE,2023-01-30,,,,,
SE,2023-01-31,,,,,
SE,2023-02-01,,,,,
SE,2023-02-02,,,,,
SE,2023-02-03,,,,,
SE,2023-02-04,,,,,
SE,2023-02-05,,,,,
SE,2023-02-06,,,,,
SE,2023-02-07,,,,,
SE,2023-02-08,,,,,
SE,2023-02-09,,,,,
SE,2023-02-10,,,,,
SE,2023-02-11,,,,,
SE,2023-02-12,,,,,
SE,2023-02-13,,,,,
SE,2023-02-14,,,,,
SE,2023-02-15,,,,,
SE,2023-02-16,,,,,
SE,2023-02-17,,,,,
SE,2023-02-18,,,,,
SE,2023-02-19,,,,,
SE,2023-02-20,,,,,
SE,2023-02-21,,,,,
SE,2023-02-22,,,,,
SE,2023-02-23,,,,,
SE,2023-02-24,,,,,
SE,2023-02-25,,,,,
SE,2023-02-26,,,,,
SE,2023-02-27,,,,,
SE,2023-02-28,,,,,
SE,2023-03-01,,,,,
SE,2023-03-02,,,,,
SE,2023-03-03,,,,,
SE,2023-03-04,,,,,
SE,2023-03-05,,,,,
SE,2023-03-06,,,,,
SE,2023-03-07,,,,,
SE,2023-03-08,,,,,
SE,2023-03-09,,,,,
SE,2023-03-10,,,,,
SE,2023-03-11,,,,,
SE,2023-03-12,,,,,
SE,2023-03-13,,,,,
SE,2023-03-14,,,,,
SE,2023-03-15,,,,,
SE,2023-03-16,,,,,
SE,2023-03-17,,,,,
SE,2023-03-18,,,,,
SE,2023-03-19,,,,,
SE,2023-03-20,,,,,
SE,2023-03-21,,,,,
SE,2023-03-22,,,,,
SE,2023-03-23,,,,,
SE,2023-03-24,,,,,
SE,2023-03-25,,,,,
SE,2023-03-26,,,,,
SE,2023-03-27,,,,,
SE,2023-03-28,,,,,
SE,2023-03-29,,,,,
SE,2023-03-30,,,,,
SE,2023-03-31,,,,,
SE,2023-04-01,,,,,
SE,2023-04-02,,,,,
SE,2023-04-03,,,,,
SE,2023-04-04,,,,,
SE,2023-04-05,,,,,
SE,2023-04-06,,,,,
SE,2023-04-07,,,,,
SE,2023-04-08,,,,,
SE,2023-04-09,,,,,
SE,2023-04-10,,,,,
SE,2023-04-11,,,,,
SE,2023-04-12,,,,,
SE,2023-04-13,,,,,
SE,2023-04-14,,,,,
SE,2023-04-15,,,,,
SE,2023-04-16,,,,,
SE,2023-04-17,,,,,
SE,2023-04-18,,,,,
SE,2023-04-19,,,,,
SE,2023-04-20,,,,,
SE,2023-04-21,,,,,
SE,2023-04-22,,,,,
SE,2023-04-23,,,,,
SE,2023-04-24,,,,,
SE,2023-04-25,,,,,
SE,2023-04-26,,,,,
SE,2023-04-27,,,,,
SE,2023-04-28,,,,,
SE,2023-04-29,,,,,
SE,2023-04-30,,,,,
SE,2023-05-01,,,,,
SE,2023-05-02,,,,,
SE,2023-05-03,,,,,
SE,2023-05-04,,,,,
SE,2023-05-05,,,,,
SE,2023-05-06,,,,,
SE,2023-05-07,,,,,
SE,2023-05-08,,,,,
SE,2023-05-09,,,,,
SE,2023-05-10,,,,,
SE,2023-05-11,,,,,
SE,2023-05-12,,,,,
SE,2023-05-13,,,,,
SE,2023-05-14,,,,,
SE,2023-05-15,,,,,
SE,2023-05-16,,,,,
SE,2023-05-17,,,,,
SE,2023-05-18,,,,,
SE,2023-05-19,,,,,
SE,2023-05-20,,,,,
SE,2023-05-21,,,,,
SE,2023-05-22,,,,,
SE,2023-05-23,,,,,
SE,2023-05-24,,,,,
SE,2023-05-25,,,,,
SE,2023-05-26,,,,,
SE,2023-05-27,,,,,
SE,2023-05-28,,,,,
SE,2023-05-29,,,,,
SE,2023-05-30,,,,,
SE,2023-05-31,,,,,
SE,2023-06-01,,,,,
SE,2023-06-02,,,,,
SE,2023-06-03,,,,,
SE,2023-06-04,,,,,
SE,2023-06-05,,,,,
SE,2023-06-06,,,,,
SE,2023-06-07,,,,,
SE,2023-06-08,,,,,
SE,2023-06-09,,,,,
SE,2023-06-10,,,,,
SE,2023-06-11,,,,,
SE,2023-06-12,,,,,
SE,2023-06-13,,,,,
SE,2023-06-14,,,,,
SE,2023-06-15,,,,,
SE,2023-06-16,,,,,
SE,2023-06-17,,,,,
SE,2023-06-18,,,,,
SE,2023-06-19,,,,,
SE,2023-06-20,,,,,
SE,2023-06-21,,,,,
SE,2023-06-22,,,,,
SE,2023-06-23,,,,,
SE,2023-06-24,,,,,
SE,2023-06-25,,,,,
SE,2023-06-26,,,,,
SE,2023-06-27,,,,,
SE,2023-06-28,,,,,
SE,2023-06-29,,,,,
SE,2023-06-30,,,,,
SE,2023-07-01,,,,,
SE,2023-07-02,,,,,
SE,2023-07-03,,,,,
SE,2023-07-04,,,,,
SE,2023-07-05,,,,,
SE,2023-07-06,,,,,
SE,2023-07-07,,,,,
SE,2023-07-08,,,,,
SE,2023-07-09,,,,,
SE,2023-07-10,,,,,
SE,2023-07-11,,,,,
SE,2023-07-12,,,,,
SE,2023-07-13,,,,,
SE,2023-07-14,,,,,
SE,2023-07-15,,,,,
SE,2023-07-16,,,,,
SE,2023-07-17,,,,,
SE,2023-07-18,,,,,
SE,2023-07-19,,,,,
SE,2023-07-20,,,,,
SE,2023-07-21,,,,,
SE,2023-07-22,,,,,
SE,2023-07-23,,,,,
SE,2023-07-24,,,,,
SE,2023-07-25,,,,,
SE,2023-07-26,,,,,
SE,2023-07-27,,,,,
SE,2023-07-28,,,,,
SE,2023-07-29,,,,,
SE,2023-07-30,,,,,
SE,2023-07-31,,,,,
SE,2023-08-01,,,,,
SE,2023-08-02,,,,,
SE,2023-08-03,,,,,
SE,2023-08-04,,,,,
SE,2023-08-05,,,,,
SE,2023-08-06,,,,,
SE,2023-08-07,,,,,
SE,2023-08-08,,,,,
SE,2023-08-09,,,,,
SE,2023-08-10,,,,,
SE,2023-08-11,,,,,
SE,2023-08-12,,,,,
SE,2023-08-13,,,,,
SE,2023-08-14,,,,,
SE,2023-08-15,,,,,
SE,2023-08-16,,,,,
SE,2023-08-17,,,,,
SE,2023-08-18,,,,,
SE,2023-08-19,,,,,
SE,2023-08-20,,,,,
SE,2023-08-21,,,,,
SE,2023-08-22,,,,,
SE,2023-08-23,,,,,
SE,2023-08-24,,,,,
SE,2023-08-25,,,,,
SE,2023-08-26,,,,,
SE,2023-08-27,,,,,
SE,2023-08-28,,,,,
SE,2023-08-29,,,,,
SE,2023-08-30,,,,,
SE,2023-08-31,,,,,
SE,2023-09-01,,,,,
SE,2023-09-02,,,,,
SE,2023-09-03,,,,,
SE,2023-09-04,,,,,
SE,2023-09-05,,,,,
SE,2023-09-06,,,,,
SE,2023-09-07,,,,,
SE,2023-09-08,,,,,
SE,2023-09-09,,,,,
SE,2023-09-10,,,,,
SE,2023-09-11,,,,,
SE,2023-09-12,,,,,
SE,2023-09-13,,,,,
SE,2023-09-14,,,,,
SE,2023-09-15,,,,,
SE,2023-09-16,,,,,
SE,2023-09-17,,,,,
SE,2023-09-18,,,,,
SE,2023-09-19,,,,,
SE,2023-09-20,,,,,
SE,2023-09-21,,,,,
SE,2023-09-22,,,,,
SE,2023-09-23,,,,,
SE,2023-09-24,,,,,
SE,2023-09-25,,,,,
SE,2023-09-26,,,,,
SE,2023-09-27,,,,,
SE,2023-09-28,,,,,
SE,2023-09-29,,,,,
SE,2023-09-30,,,,,
SE,2023-10-01,,,,,
SE,2023-10-02,,,,,
SE,2023-10-03,,,,,
SE,2023-10-04,,,,,
SE,2023-10-05,,,,,
SE,2023-10-06,,,,,
SE,2023-10-07,,,,,
SE,2023-10-08,,,,,
SE,2023-10-09,,,,,
SE,2023-10-10,,,,,
SE,2023-10-11,,,,,
SE,2023-10-12,,,,,
SE,2023-10-13,,,,,
SE,2023-10-14,,,,,
SE,2023-10-15,,,,,
SE,2023-10-16,,,,,
SE,2023-10-17,,,,,
SE,2023-10-18,,,,,
SE,2023-10-19,,,,,
SE,2023-10-20,,,,,
SE,2023-10-21,,,,,
SE,2023-10-22,,,,,
SE,2023-10-23,,,,,
SE,2023-10-24,,,,,
SE,2023-10-25,,,,,
SE,2023-10-26,,,,,
SE,2023-10-27,,,,,
SE,2023-10-28,,,,,
SE,2023-10-29,,,,,
SE,2023-10-30,,,,,
SE,2023-10-31,,,,,
SE,2023-11-01,,,,,
SE,2023-11-02,,,,,
SE,2023-11-03,,,,,
SE,2023-11-04,,,,,
SE,2023-11-05,,,,,
SE,2023-11-06,,,,,
SE,2023-11-07,,,,,
SE,2023-11-08,,,,,
SE,2023-11-09,,,,,
SE,2023-11-10,,,,,
SE,2023-11-11,,,,,
SE,2023-11-12,,,,,
SE,2023-11-13,,,,,
SE,2023-11-14,,,,,
SE,2023-11-15,,,,,
SE,2023-11-16,,,,,
SE,2023-11-17,,,,,
SE,2023-11-18,,,,,
SE,2023-11-19,,,,,
SE,2023-11-20,,,,,
SE,2023-11-21,,,,,
SE,2023-11-22,,,,,
SE,2023-11-23,,,,,
SE,2023-11-24,,,,,
SE,2023-11-25,,,,,
SE,2023-11-26,,,,,
SE,2023-11-27,,,,,
SE,2023-11-28,,,,,
SE,2023-11-29,,,,,
SE,2023-11-30,,,,,
SE,2023-12-01,,,,,
SE,2023-12-02,,,,,
SE,2023-12-03,,,,,
SE,2023-12-04,,,,,
SE,2023-12-05,,,,,
SE,2023-12-06,,,,,
SE,2023-12-07,,,,,
SE,2023-12-08,,,,,
SE,2023-12-09,,,,,
SE,2023-12-10,,,,,
SE,2023-12-11,,,,,
SE,2023-12-12,,,,,
SE,2023-12-13,,,,,
SE,2023-12-14,,,,,
SE,2023-12-15,,,,,
SE,2023-12-16,,,,,
SE,2023-12-17,,,,,
SE,2023-12-18,,,,,
SE,2023-12-19,,,,,
SE,2023-12-20,,,,,
SE,2023-12-21,,,,,
SE,2023-12-22,,,,,
SE,2023-12-23,,,,,
SE,2023-12-24,,,,,
SE,2023-12-25,,,,,
SE,2023-12-26,,,,,
SE,2023-12-27,,,,,
SE,2023-12-28,,,,,
SE,2023-12-29,,,,,
SE,2023-12-30,,,,,
SE,2023-12-31,,,,,
SE,2024-01-01,,42.0,,,42.0
SE,2024-01-02,,35.0,,,35.0
SE,2024-01-03,,38.0,,,38.0
SE,2024-01-04,,35.0,,,35.0
SE,2024-01-05,,37.0,,,37.0
SE,2024-01-06,,36.0,,,36.0
SE,2024-01-07,,29.0,,,29.0
SE,2024-01-08,,33.0,,,33.0
SE,2024-01-09,,33.0,,,33.0
SE,2024-01-10,,28.0,,,28.0
SE,2024-01-11,,31.0,,,31.0
SE,2024-01-12,,35.0,,,35.0
SE,2024-01-13,,37.0,,,37.0
SE,2024-01-14,,44.0,,,44.0
SE,2024-01-15,,24.0,,,24.0
SE,2024-01-16,,18.0,,,18.0
SE,2024-01-17,,33.0,,,33.0
SE,2024-01-18,,23.0,,,23.0
SE,2024-01-19,,48.0,,,48.0
SE,2024-01-20,,41.0,,,41.0
SE,2024-01-21,,20.0,,,20.0
SE,2024-01-22,,27.0,,,27.0
SE,2024-01-23,,27.0,,,27.0
SE,2024-01-24,,19.0,,,19.0
SE,2024-01-25,,31.0,,,31.0
SE,2024-01-26,,44.0,,,44.0
SE,2024-01-27,,37.0,,,37.0
SE,2024-01-28,,42.0,,,42.0
SE,2024-01-29,,41.0,,,41.0
SE,2024-01-30,,40.0,,,40.0
SE,2024-01-31,,35.0,,,35.0
SE,2024-02-01,,37.0,,,37.0
SE,2024-02-02,,51.0,,,51.0
SE,2024-02-03,,36.0,,,36.0
SE,2024-02-04,,25.0,,,25.0
SE,2024-02-05,,39.0,,,39.0
SE,2024-02-06,,42.0,,,42.0
SE,2024-02-07,,40.0,,,40.0
SE,2024-02-08,,48.0,,,48.0
SE,2024-02-09,,47.0,,,47.0
SE,2024-02-10,,40.0,,,40.0
SE,2024-02-11,,42.0,,,42.0
SE,2024-02-12,,40.0,,,40.0
SE,2024-02-13,,38.0,,,38.0
SE,2024-02-14,,34.0,,,34.0
SE,2024-02-15,,21.0,,,21.0
SE,2024-02-16,,9.0,,,9.0
SE,2024-02-17,,23.0,,,23.0
SE,2024-02-18,,22.0,,,22.0
SE,2024-02-19,,42.0,,,42.0
SE,2024-02-20,,64.0,,,64.0
SE,2024-02-21,,64.0,,,64.0
SE,2024-02-22,,67.0,,,67.0
SE,2024-02-23,,44.0,,,44.0
SE,2024-02-24,,45.0,,,45.0
SE,2024-02-25,,115.0,,,115.0
SE,2024-02-26,,179.0,,,179.0
SE,2024-02-27,,87.0,,,87.0
SE,2024-02-28,,43.0,,,43.0
SE,2024-02-29,,41.0,,,41.0
SE,2024-03-01,,80.0,,,80.0
SE,2024-03-02,,90.0,,,90.0
SE,2024-03-03,,97.0,,,97.0
SE,2024-03-04,,47.0,,,47.0
SE,2024-03-05,,87.0,,,87.0
SE,2024-03-06,,44.0,,,44.0
SE,2024-03-07,,97.0,,,97.0
SE,2024-03-08,,47.0,,,47.0
SE,2024-03-09,,39.0,,,39.0
SE,2024-03-10,,38.0,,,38.0
SE,2024-03-11,,40.0,,,40.0
SE,2024-03-12,,50.0,,,50.0
SE,2024-03-13,,74.0,,,74.0
SE,2024-03-14,,74.0,,,74.0
SE,2024-03-15,,48.0,,,48.0
SE,2024-03-16,,31.0,,,31.0
SE,2024-03-17,,31.0,,,31.0
SE,2024-03-18,,27.0,,,27.0
SE,2024-03-19,,42.0,,,42.0
SE,2024-03-20,,25.0,,,25.0
SE,2024-03-21,,50.0,,,50.0
SE,2024-03-22,,47.0,,,47.0
SE,2024-03-23,,45.0,,,45.0
SE,2024-03-24,,48.0,,,48.0
SE,2024-03-25,,47.0,,,47.0
SE,2024-03-26,,48.0,,,48.0
SE,2024-03-27,,87.0,,,87.0
SE,2024-03-28,,48.0,,,48.0
SE,2024-03-29,,51.0,,,51.0
SE,2024-03-30,,132.0,,,132.0
SE,2024-03-31,,61.0,,,61.0
SE,2024-04-01,,50.0,,,50.0
SE,2024-04-02,,58.0,,,58.0
SE,2024-04-03,,64.0,,,64.0
SE,2024-04-04,,54.0,,,54.0
SE,2024-04-05,,49.0,,,49.0
SE,2024-04-06,,129.0,,,129.0
SE,2024-04-07,,47.0,,,47.0
SE,2024-04-08,,42.0,,,42.0
SE,2024-04-09,,49.0,,,49.0
SE,2024-04-10,,50.0,,,50.0
SE,2024-04-11,,71.0,,,71.0
SE,2024-04-12,,54.0,,,54.0
SE,2024-04-13,,58.0,,,58.0
SE,2024-04-14,,126.0,,,126.0
SE,2024-04-15,,77.0,,,77.0
SE,2024-04-16,,45.0,,,45.0
SE,2024-04-17,,36.0,,,36.0
SE,2024-04-18,,44.0,,,44.0
SE,2024-04-19,,35.0,,,35.0
SE,2024-04-20,,35.0,,,35.0
SE,2024-04-21,,31.0,,,31.0
SE,2024-04-22,,35.0,,,35.0
SE,2024-04-23,,26.0,,,26.0
SE,2024-04-24,,36.0,,,36.0
SE,2024-04-25,,37.0,,,37.0
SE,2024-04-26,,74.0,,,74.0
SE,2024-04-27,,64.0,,,64.0
SE,2024-04-28,,54.0,,,54.0
SE,2024-04-29,,50.0,,,50.0
SE,2024-04-30,,37.0,,,37.0
SE,2024-05-01,,42.0,,,42.0
SE,2024-05-02,,115.0,,,115.0
SE,2024-05-03,,41.0,,,41.0
SE,2024-05-04,,34.0,,,34.0
SE,2024-05-05,,61.0,,,61.0
SE,2024-05-06,,58.0,,,58.0
SE,2024-05-07,,136.0,,,136.0
SE,2024-05-08,,174.0,,,174.0
SE,2024-05-09,,115.0,,,115.0
SE,2024-05-10,,77.0,,,77.0
SE,2024-05-11,,40.0,,,40.0
SE,2024-05-12,,51.0,,,51.0
SE,2024-05-13,,90.0,,,90.0
SE,2024-05-14,,49.0,,,49.0
SE,2024-05-15,,49.0,,,49.0
SE,2024-05-16,,156.0,,,156.0
SE,2024-05-17,,77.0,,,77.0
SE,2024-05-18,,108.0,,,108.0
SE,2024-05-19,,51.0,,,51.0
SE,2024-05-20,,64.0,,,64.0
SE,2024-05-21,,44.0,,,44.0
SE,2024-05-22,,122.0,,,122.0
SE,2024-05-23,,126.0,,,126.0
SE,2024-05-24,,172.0,,,172.0
SE,2024-05-25,,93.0,,,93.0
SE,2024-05-26,,129.0,,,129.0
SE,2024-05-27,,46.0,,,46.0
SE,2024-05-28,,64.0,,,64.0
SE,2024-05-29,,54.0,,,54.0
SE,2024-05-30,,41.0,,,41.0
SE,2024-05-31,,48.0,,,48.0
SE,2024-06-01,,44.0,,,44.0
SE,2024-06-02,,36.0,,,36.0
SE,2024-06-03,,50.0,,,50.0
SE,2024-06-04,,93.0,,,93.0
SE,2024-06-05,,38.0,,,38.0
SE,2024-06-06,,50.0,,,50.0
SE,2024-06-07,,67.0,,,67.0
SE,2024-06-08,,48.0,,,48.0
SE,2024-06-09,,108.0,,,108.0
SE,2024-06-10,,44.0,,,44.0
SE,2024-06-11,,50.0,,,50.0
SE,2024-06-12,,41.0,,,41.0
SE,2024-06-13,,41.0,,,41.0
SE,2024-06-14,,42.0,,,42.0
SE,2024-06-15,,31.0,,,31.0
SE,2024-06-16,,32.0,,,32.0
SE,2024-06-17,,31.0,,,31.0
SE,2024-06-18,,34.0,,,34.0
SE,2024-06-19,,25.0,,,25.0
SE,2024-06-20,,26.0,,,26.0
SE,2024-06-21,,22.0,,,22.0
SE,2024-06-22,,23.0,,,23.0
SE,2024-06-23,,31.0,,,31.0
SE,2024-06-24,,38.0,,,38.0
SE,2024-06-25,,27.0,,,27.0
SE,2024-06-26,,43.0,,,43.0
SE,2024-06-27,,36.0,,,36.0
SE,2024-06-28,,38.0,,,38.0
SE,2024-06-29,,31.0,,,31.0
SE,2024-06-30,,19.0,,,19.0
SE,2024-07-01,,19.0,,,19.0
SE,2024-07-02,,25.0,,,25.0
SE,2024-07-03,,33.0,,,33.0
SE,2024-07-04,,44.0,,,44.0
SE,2024-07-05,,58.0,,,58.0
SE,2024-07-06,,38.0,,,38.0
SE,2024-07-07,,44.0,,,44.0
SE,2024-07-08,,74.0,,,74.0
SE,2024-07-09,,46.0,,,46.0
SE,2024-07-10,,29.0,,,29.0
SE,2024-07-11,,23.0,,,23.0
SE,2024-07-12,,20.0,,,20.0
SE,2024-07-13,,23.0,,,23.0
SE,2024-07-14,,37.0,,,37.0
SE,2024-07-15,,45.0,,,45.0
SE,2024-07-16,,61.0,,,61.0
SE,2024-07-17,,45.0,,,45.0
SE,2024-07-18,,39.0,,,39.0
SE,2024-07-19,,38.0,,,38.0
SE,2024-07-20,,33.0,,,33.0
SE,2024-07-21,,33.0,,,33.0
SE,2024-07-22,,29.0,,,29.0
SE,2024-07-23,,30.0,,,30.0
SE,2024-07-24,,25.0,,,25.0
SE,2024-07-25,,31.0,,,31.0
SE,2024-07-26,,40.0,,,40.0
SE,2024-07-27,,51.0,,,51.0
SE,2024-07-28,,30.0,,,30.0
SE,2024-07-29,,29.0,,,29.0
SE,2024-07-30,,20.0,,,20.0
SE,2024-07-31,,,,,
SE,2024-08-01,,,,,
SE,2024-08-02,,,,,
SE,2024-08-03,,,,,
SE,2024-08-04,,,,,
SE,2024-08-05,,,,,
SE,2024-08-06,,,,,
SE,2024-08-07,,,,,
SE,2024-08-08,,,,,
SE,2024-08-09,,,,,
SE,2024-08-10,,,,,
SE,2024-08-11,,,,,
SE,2024-08-12,,,,,
SE,2024-08-13,,,,,
SE,2024-08-14,,,,,
SE,2024-08-15,,,,,
SE,2024-08-16,,,,,
SE,2024-08-17,,,,,
SE,2024-08-18,,,,,
SE,2024-08-19,,,,,
SE,2024-08-20,,,,,
SE,2024-08-21,,,,,
SE,2024-08-22,,,,,
SE,2024-08-23,,,,,
SE,2024-08-24,,,,,
SE,2024-08-25,,,,,
SE,2024-08-26,,,,,
SE,2024-08-27,,,,,
SE,2024-08-28,,,,,
SE,2024-08-29,,,,,
SE,2024-08-30,,,,,
SE,2024-08-31,,,,,
SE,2024-09-01,,,,,
SE,2024-09-02,,,,,
SE,2024-09-03,,,,,
SE,2024-09-04,,,,,
SE,2024-09-05,,,,,
SE,2024-09-06,,,,,
SE,2024-09-07,,,,,
SE,2024-09-08,,,,,
SE,2024-09-09,,,,,
SE,2024-09-10,,,,,
SE,2024-09-11,,,,,
SE,2024-09-12,,,,,
SE,2024-09-13,,,,,
SE,2024-09-14,,,,,
SE,2024-09-15,,,,,
SE,2024-09-16,,,,,
SE,2024-09-17,,,,,
SE,2024-09-18,,,,,
SE,2024-09-19,,,,,
SE,2024-09-20,,,,,
SE,2024-09-21,,,,,
SE,2024-09-22,,,,,
SE,2024-09-23,,,,,
SE,2024-09-24,,,,,
SE,2024-09-25,,,,,
SE,2024-09-26,,,,,
SE,2024-09-27,,,,,
SE,2024-09-28,,,,,
SE,2024-09-29,,,,,
SE,2024-09-30,,,,,
SE,2024-10-01,,,,,
SE,2024-10-02,,,,,
SE,2024-10-03,,,,,
SE,2024-10-04,,,,,
SE,2024-10-05,,,,,
SE,2024-10-06,,,,,
SE,2024-10-07,,,,,
SE,2024-10-08,,,,,
SE,2024-10-09,,,,,
SE,2024-10-10,,,,,
SE,2024-10-11,,,,,
SE,2024-10-12,,,,,
SE,2024-10-13,,,,,
SE,2024-10-14,,,,,
SE,2024-10-15,,,,,
SE,2024-10-16,,,,,
SE,2024-10-17,,,,,
SE,2024-10-18,,,,,
SE,2024-10-19,,,,,
SE,2024-10-20,,,,,
SE,2024-10-21,,,,,
SE,2024-10-22,,,,,
SE,2024-10-23,,,,,
SE,2024-10-24,,,,,
SE,2024-10-25,,,,,
SE,2024-10-26,,,,,
SE,2024-10-27,,,,,
SE,2024-10-28,,,,,
SE,2024-10-29,,,,,
SE,2024-10-30,,,,,
SE,2024-10-31,,,,,
SE,2024-11-01,,,,,
SE,2024-11-02,,,,,
SE,2024-11-03,,,,,
SE,2024-11-04,,,,,
SE,2024-11-05,,,,,
SE,2024-11-06,,,,,
SE,2024-11-07,,,,,
SE,2024-11-08,,,,,
SE,2024-11-09,,,,,
SE,2024-11-10,,,,,
SE,2024-11-11,,,,,
SE,2024-11-12,,,,,
SE,2024-11-13,,,,,
SE,2024-11-14,,,,,
SE,2024-11-15,,,,,
SE,2024-11-16,,,,,
SE,2024-11-17,,,,,
SE,2024-11-18,,,,,
SE,2024-11-19,,,,,
SE,2024-11-20,,,,,
SE,2024-11-21,,,,,
SE,2024-11-22,,,,,
SE,2024-11-23,,,,,
SE,2024-11-24,,,,,
SE,2024-11-25,,,,,
SE,2024-11-26,,,,,
SE,2024-11-27,,,,,
SE,2024-11-28,,,,,
SE,2024-11-29,,,,,
SE,2024-11-30,,,,,
SE,2024-12-01,,,,,
SE,2024-12-02,,,,,
SE,2024-12-03,,,,,
SE,2024-12-04,,,,,
SE,2024-12-05,,,,,
SE,2024-12-06,,,,,
SE,2024-12-07,,,,,
SE,2024-12-08,,,,,
SE,2024-12-09,,,,,
SE,2024-12-10,,,,,
SE,2024-12-11,,,,,
SE,2024-12-12,,,,,
SE,2024-12-13,,,,,
SE,2024-12-14,,,,,
SE,2024-12-15,,,,,
SE,2024-12-16,,,,,
SE,2024-12-17,,,,,
SE,2024-12-18,,,,,
SE,2024-12-19,,,,,
SE,2024-12-20,,,,,
SE,2024-12-21,,,,,
SE,2024-12-22,,,,,
SE,2024-12-23,,,,,
SE,2024-12-24,,,,,
SE,2024-12-25,,,,,
SE,2024-12-26,,,,,
SE,2024-12-27,,,,,
SE,2024-12-28,,,,,
SE,2024-12-29,,,,,
SE,2024-12-30,,,,,
SE,2024-12-31,,,,,
SE,2025-01-01,,40.0,,,40.0
SE,2025-01-02,,29.0,,,29.0
SE,2025-01-03,,17.0,,,17.0
SE,2025-01-04,,27.0,,,27.0
SE,2025-01-05,,37.0,,,37.0
SE,2025-01-06,,30.0,,,30.0
SE,2025-01-07,,34.0,,,34.0
SE,2025-01-08,,18.0,,,18.0
SE,2025-01-09,,21.0,,,21.0
SE,2025-01-10,,15.0,,,15.0
SE,2025-01-11,,29.0,,,29.0
SE,2025-01-12,,31.0,,,31.0
SE,2025-01-13,,38.0,,,38.0
SE,2025-01-14,,38.0,,,38.0
SE,2025-01-15,,22.0,,,22.0
SE,2025-01-16,,30.0,,,30.0
SE,2025-01-17,,25.0,,,25.0
SE,2025-01-18,,43.0,,,43.0
SE,2025-01-19,,29.0,,,29.0
SE,2025-01-20,,33.0,,,33.0
SE,2025-01-21,,21.0,,,21.0
SE,2025-01-22,,32.0,,,32.0
SE,2025-01-23,,37.0,,,37.0
SE,2025-01-24,,46.0,,,46.0
SE,2025-01-25,,42.0,,,42.0
SE,2025-01-26,,58.0,,,58.0
SE,2025-01-27,,28.0,,,28.0
SE,2025-01-28,,8.0,,,8.0
SE,2025-01-29,,31.0,,,31.0
SE,2025-01-30,,34.0,,,34.0
SE,2025-01-31,,46.0,,,46.0
SE,2025-02-01,,44.0,,,44.0
SE,2025-02-02,,115.0,,,115.0
SE,2025-02-03,,118.0,,,118.0
SE,2025-02-04,,35.0,,,35.0
SE,2025-02-05,,44.0,,,44.0
SE,2025-02-06,,115.0,,,115.0
SE,2025-02-07,,61.0,,,61.0
SE,2025-02-08,,93.0,,,93.0
SE,2025-02-09,,49.0,,,49.0
SE,2025-02-10,,32.0,,,32.0
SE,2025-02-11,,37.0,,,37.0
SE,2025-02-12,,44.0,,,44.0
SE,2025-02-13,,33.0,,,33.0
SE,2025-02-14,,12.0,,,12.0
SE,2025-02-15,,28.0,,,28.0
SE,2025-02-16,,42.0,,,42.0
SE,2025-02-17,,33.0,,,33.0
SE,2025-02-18,,84.0,,,84.0
SE,2025-02-19,,37.0,,,37.0
SE,2025-02-20,,26.0,,,26.0
SE,2025-02-21,,28.0,,,28.0
SE,2025-02-22,,14.0,,,14.0
SE,2025-02-23,,46.0,,,46.0
SE,2025-02-24,,104.0,,,104.0
SE,2025-02-25,,80.0,,,80.0
SE,2025-02-26,,150.0,,,150.0
SE,2025-02-27,,61.0,,,61.0
SE,2025-02-28,,35.0,,,35.0
SE,2025-03-01,,58.0,,,58.0
SE,2025-03-02,,37.0,,,37.0
SE,2025-03-03,,40.0,,,40.0
SE,2025-03-04,,39.0,,,39.0
SE,2025-03-05,,45.0,,,45.0
SE,2025-03-06,,45.0,,,45.0
SE,2025-03-07,,84.0,,,84.0
SE,2025-03-08,,54.0,,,54.0
SE,2025-03-09,,45.0,,,45.0
SE,2025-03-10,,49.0,,,49.0
SE,2025-03-11,,172.0,,,172.0
SE,2025-03-12,,84.0,,,84.0
SE,2025-03-13,,84.0,,,84.0
SE,2025-03-14,,44.0,,,44.0
SE,2025-03-15,,46.0,,,46.0
SE,2025-03-16,,71.0,,,71.0
SE,2025-03-17,,51.0,,,51.0
SE,2025-03-18,,71.0,,,71.0
SE,2025-03-19,,42.0,,,42.0
SE,2025-03-20,,42.0,,,42.0
SE,2025-03-21,,40.0,,,40.0
SE,2025-03-22,,41.0,,,41.0
SE,2025-03-23,,112.0,,,112.0
SE,2025-03-24,,47.0,,,47.0
SE,2025-03-25,,35.0,,,35.0
SE,2025-03-26,,28.0,,,28.0
SE,2025-03-27,,17.0,,,17.0
SE,2025-03-28,,112.0,,,112.0
SE,2025-03-29,,140.0,,,140.0
SE,2025-03-30,,46.0,,,46.0
SE,2025-03-31,,90.0,,,90.0
SE,2025-04-01,,40.0,,,40.0
SE,2025-04-02,,146.0,,,146.0
SE,2025-04-03,,115.0,,,115.0
SE,2025-04-04,,112.0,,,112.0
SE,2025-04-05,,50.0,,,50.0
SE,2025-04-06,,42.0,,,42.0
SE,2025-04-07,,58.0,,,58.0
SE,2025-04-08,,118.0,,,118.0
SE,2025-04-09,,154.0,,,154.0
SE,2025-04-10,,112.0,,,112.0
SE,2025-04-11,,77.0,,,77.0
SE,2025-04-12,,67.0,,,67.0
SE,2025-04-13,,84.0,,,84.0
SE,2025-04-14,,71.0,,,71.0
SE,2025-04-15,,45.0,,,45.0
SE,2025-04-16,,47.0,,,47.0
SE,2025-04-17,,51.0,,,51.0
SE,2025-04-18,,77.0,,,77.0
SE,2025-04-19,,42.0,,,42.0
SE,2025-04-20,,58.0,,,58.0
SE,2025-04-21,,64.0,,,64.0
SE,2025-04-22,,30.0,,,30.0
SE,2025-04-23,,30.0,,,30.0
SE,2025-04-24,,33.0,,,33.0
SE,2025-04-25,,31.0,,,31.0
SE,2025-04-26,,31.0,,,31.0
SE,2025-04-27,,41.0,,,41.0
SE,2025-04-28,,44.0,,,44.0
SE,2025-04-29,,44.0,,,44.0
SE,2025-04-30,,74.0,,,74.0
SE,2025-05-01,,42.0,,,42.0
SE,2025-05-02,,44.0,,,44.0
SE,2025-05-03,,34.0,,,34.0
SE,2025-05-04,,30.0,,,30.0
SE,2025-05-05,,37.0,,,37.0
SE,2025-05-06,,104.0,,,104.0
SE,2025-05-07,,61.0,,,61.0
SE,2025-05-08,,39.0,,,39.0
SE,2025-05-09,,46.0,,,46.0
SE,2025-05-10,,61.0,,,61.0
SE,2025-05-11,,97.0,,,97.0
SE,2025-05-12,,172.0,,,172.0
SE,2025-05-13,,187.0,,,187.0
SE,2025-05-14,,195.0,,,195.0
SE,2025-05-15,,174.0,,,174.0
SE,2025-05-16,,71.0,,,71.0
SE,2025-05-17,,37.0,,,37.0
SE,2025-05-18,,43.0,,,43.0
SE,2025-05-19,,101.0,,,101.0
SE,2025-05-20,,44.0,,,44.0
SE,2025-05-21,,38.0,,,38.0
SE,2025-05-22,,80.0,,,80.0
SE,2025-05-23,,44.0,,,44.0
SE,2025-05-24,,58.0,,,58.0
SE,2025-05-25,,44.0,,,44.0
SE,2025-05-26,,77.0,,,77.0
SE,2025-05-27,,37.0,,,37.0
SE,2025-05-28,,33.0,,,33.0
SE,2025-05-29,,50.0,,,50.0
SE,2025-05-30,,35.0,,,35.0
SE,2025-05-31,,32.0,,,32.0
SE,2025-06-01,,42.0,,,42.0
SE,2025-06-02,,34.0,,,34.0
SE,2025-06-03,,71.0,,,71.0
SE,2025-06-04,,40.0,,,40.0
SE,2025-06-05,,29.0,,,29.0
SE,2025-06-06,,31.0,,,31.0
SE,2025-06-07,,40.0,,,40.0
SE,2025-06-08,,45.0,,,45.0
SE,2025-06-09,,44.0,,,44.0
SE,2025-06-10,,33.0,,,33.0
SE,2025-06-11,,42.0,,,42.0
SE,2025-06-12,,54.0,,,54.0
SE,2025-06-13,,39.0,,,39.0
SE,2025-06-14,,33.0,,,33.0
SE,2025-06-15,,31.0,,,31.0
SE,2025-06-16,,42.0,,,42.0
SE,2025-06-17,,34.0,,,34.0
SE,2025-06-18,,32.0,,,32.0
SE,2025-06-19,,29.0,,,29.0
SE,2025-06-20,,28.0,,,28.0
SE,2025-06-21,,21.0,,,21.0
SE,2025-06-22,,22.0,,,22.0
SE,2025-06-23,,26.0,,,26.0
SE,2025-06-24,,25.0,,,25.0
SE,2025-06-25,,30.0,,,30.0
SE,2025-06-26,,34.0,,,34.0
SE,2025-06-27,,31.0,,,31.0
SE,2025-06-28,,28.0,,,28.0
SE,2025-06-29,,23.0,,,23.0
SE,2025-06-30,,25.0,,,25.0
